person_external_id,person_fullname,person_firstname,person_lastname,person_party_fr,person_website_parliament_url_fr,person_image_url,person_birthday,person_occupation_fr,person_gender,person_function_latest_fr
99,Daniel Zaugg,Daniel,Zaugg,PLR,https://ge.ch/grandconseil/gc/depute/99/,https://ge.ch/grandconseil/data/deputes/depute_photo_a5d32bdb78e21d2aabb26ac9241c1680.jpg,1964-01-01,Entrepreneur,m,
98,Pierre Weiss,Pierre,Weiss,PLR,https://ge.ch/grandconseil/gc/depute/98/,https://ge.ch/grandconseil/data/deputes/depute_photo_32644842812bdbd4bfab0daa0a039cfd.jpg,1952-01-01,Sociologue,m,
97,Francis Walpen,Francis,Walpen,L,https://ge.ch/grandconseil/gc/depute/97/,https://ge.ch/grandconseil/data/deputes/depute_photo_80c10c4fb9afa893ea550ace5b24e2f4.jpg,1941-01-01,Député,m,
95,Manuel Tornare,Manuel,Tornare,S,https://ge.ch/grandconseil/gc/depute/95/,https://ge.ch/grandconseil/data/deputes/depute_photo_5e4870a54f10b5e39e5a079938694367.jpg,1951-01-01,"Conseiller administratif, Ville de Genève",m,
94,Eric Stauffer,Eric,Stauffer,HP,https://ge.ch/grandconseil/gc/depute/94/,https://ge.ch/grandconseil/data/deputes/depute_photo_9ca0e8fd5859d0755b54882919fedb2c.jpg,1964-01-01,Directeur,m,
93,Pascal Spuhler,Pascal,Spuhler,HP,https://ge.ch/grandconseil/gc/depute/93/,https://ge.ch/grandconseil/data/deputes/depute_photo_8c44b4b6d5dbe48167a1c298a917f731.jpg,1963-01-01,Indépendant,m,
92,Ivan Slatkine,Ivan,Slatkine,PLR,https://ge.ch/grandconseil/gc/depute/92/,https://ge.ch/grandconseil/data/deputes/depute_photo_47ef34a563e9b94cf9b28a1513b12157.jpg,1972-01-01,Editeur,m,
91,Christine Serdaly Morgan,Christine,Serdaly Morgan,S,https://ge.ch/grandconseil/gc/depute/91/,https://ge.ch/grandconseil/data/deputes/depute_photo_e3c2d21e3022c5f2b608e61f921efe04.jpg,1964-01-01,Consultante et entrepreneur sociale,f,
9,Catherine Baud,Catherine,Baud,Ve,https://ge.ch/grandconseil/gc/depute/9/,https://ge.ch/grandconseil/data/deputes/depute_photo_a89e369c37885c6dcdee95bd661d7336.jpg,1956-01-01,,f,
89,Nathalie Schneuwly,Nathalie,Schneuwly,PLR,https://ge.ch/grandconseil/gc/depute/89/,https://ge.ch/grandconseil/data/deputes/depute_photo_4963eb6f07a1259b74f8bd84b7893ed7.jpg,1969-01-01,Juriste,f,
90,Charles Selleger,Charles,Selleger,LJS,https://ge.ch/grandconseil/gc/depute/90/,https://ge.ch/grandconseil/data/deputes/depute_photo_3ffc4d987cbb9786dfff2ee1533ffd6c.jpg,1950-01-01,Retraité,m,
87,Lydia Schneider Hausser,Lydia,Schneider Hausser,S,https://ge.ch/grandconseil/gc/depute/87/,https://ge.ch/grandconseil/data/deputes/depute_photo_eb6328f1b69364638ee7f0781331a993.jpg,1958-01-01,Travailleuse sociale,f,
86,Philippe Schaller,Philippe,Schaller,PDC,https://ge.ch/grandconseil/gc/depute/86/,https://ge.ch/grandconseil/data/deputes/depute_photo_2609e987923aef34187730b54e8ef296.jpg,1954-01-01,Médecin,m,
85,Olivier Sauty,Olivier,Sauty,MCG,https://ge.ch/grandconseil/gc/depute/85/,https://ge.ch/grandconseil/data/deputes/depute_photo_064ee9acaab1f689165a285bae38bd1d.jpg,1965-01-01,Exploitant,m,
88,Brigitte Schneider-Bidaux,Brigitte,Schneider-Bidaux,Ve,https://ge.ch/grandconseil/gc/depute/88/,https://ge.ch/grandconseil/data/deputes/depute_photo_acf0f86d88b89d7e0125ac81cc5c7cd2.jpg,1956-01-01,Infirmière (Service Santé Jeunesse),f,
83,Patrick Saudan,Patrick,Saudan,HP,https://ge.ch/grandconseil/gc/depute/83/,https://ge.ch/grandconseil/data/deputes/depute_photo_706922b4a456989611c7550ceb9feee1.jpg,1960-01-01,"Médecin-cadre, HUG, responsable unité de dialyse",m,
84,Guillaume Sauty,Guillaume,Sauty,MCG,https://ge.ch/grandconseil/gc/depute/84/,https://ge.ch/grandconseil/data/deputes/depute_photo_b4dd6c19be4102e7b5266a58d0387000.jpg,1988-01-01,Indépendant,m,
82,Jean Romain,Jean,Romain,PLR,https://ge.ch/grandconseil/gc/depute/82/,https://ge.ch/grandconseil/data/deputes/depute_photo_4a4b091b510859aac562a43c427ed896.jpg,1952-01-01,Chroniqueur - Ecrivain (indépendant),m,
81,Dominique Rolle,Dominique,Rolle,HP,https://ge.ch/grandconseil/gc/depute/81/,https://ge.ch/grandconseil/data/deputes/depute_photo_e70ed136812e9a01c8afcd63759e0df8.jpg,1972-01-01,Dirigeante d’entreprise,f,
80,Jacqueline Roiz,Jacqueline,Roiz,Ve,https://ge.ch/grandconseil/gc/depute/80/,https://ge.ch/grandconseil/data/deputes/depute_photo_34801db6a7c6794cb32448f8e20ac2d5.jpg,1966-01-01,Responsable Qualité Environnement Sécurité,f,
8,Gabriel Barrillier,Gabriel,Barrillier,PLR,https://ge.ch/grandconseil/gc/depute/8/,https://ge.ch/grandconseil/data/deputes/depute_photo_c7ec006d8bcfe141fe750e6db22def84.jpg,1945-01-01,Retraité,m,
79,Henry Rappaz,Henry,Rappaz,MCG,https://ge.ch/grandconseil/gc/depute/79/,https://ge.ch/grandconseil/data/deputes/depute_photo_a466d6cc23db8db2c84fe17bbc8318ed.jpg,1942-01-01,Cinéaste-réalisateur,m,
78,André Python,André,Python,MCG,https://ge.ch/grandconseil/gc/depute/78/,https://ge.ch/grandconseil/data/deputes/depute_photo_07afb0c8f94e5fec650dffe01aa081ac.jpg,1954-01-01,Retraité,m,
74,Olivier Norer,Olivier,Norer,Ve,https://ge.ch/grandconseil/gc/depute/74/,https://ge.ch/grandconseil/data/deputes/depute_photo_197017fbdd71e4f8fd951178689ee40a.jpg,1973-01-01,Géographe - Expert réseau TPG,m,
77,Mauro Poggia,Mauro,Poggia,MCG,https://ge.ch/grandconseil/gc/depute/77/,https://ge.ch/grandconseil/data/deputes/depute_photo_9a1b155190d994e789c7c1fda93d3313.jpg,1959-01-01,Avocat,m,
75,Pascal Pétroz,Pascal,Pétroz,PDC,https://ge.ch/grandconseil/gc/depute/75/,https://ge.ch/grandconseil/data/deputes/depute_photo_f95f19704a75c7dc7dd93b2614d14d3c.jpg,1971-01-01,Avocat,m,
72,Salima Moyard,Salima,Moyard,S,https://ge.ch/grandconseil/gc/depute/72/,https://ge.ch/grandconseil/data/deputes/depute_photo_7b8c293dc65b69cb7e5e7545a3eaadcb.jpg,1983-01-01,Enseignante,f,
70,Alain Meylan,Alain,Meylan,L,https://ge.ch/grandconseil/gc/depute/70/,https://ge.ch/grandconseil/data/deputes/depute_photo_5fa0d6617726cfabbe6d39c83edd4396.jpg,1962-01-01,Directeur secrétaire d’associations professionnelles,m,
71,Philippe Morel,Philippe,Morel,MCG,https://ge.ch/grandconseil/gc/depute/71/,https://ge.ch/grandconseil/data/deputes/depute_photo_b8751548c3b5b587ef567bd3097d53fe.jpg,1952-01-01,Chirurgien,m,
73,Sylvia Nissim,Sylvia,Nissim,Ve,https://ge.ch/grandconseil/gc/depute/73/,https://ge.ch/grandconseil/data/deputes/depute_photo_37fe553afac3bd99a79b8e371fad9393.jpg,1983-01-01,Assistante à la Haute Ecole de Santé de Genève (HEDS),f,
67,Vincent Maitre,Vincent,Maitre,PDC,https://ge.ch/grandconseil/gc/depute/67/,https://ge.ch/grandconseil/data/deputes/depute_photo_2028fd4ab1751f19212d39847ab47d4b.jpg,1981-01-01,Avocat,m,
7,Antoine Barde,Antoine,Barde,PLR,https://ge.ch/grandconseil/gc/depute/7/,https://ge.ch/grandconseil/data/deputes/depute_photo_0a9f3b4769056140e2bd816a4de8ce9a.jpg,1975-01-01,"Directeur administratif, Fondation Phenix",m,
63,Miguel Limpo,Miguel,Limpo,Ve,https://ge.ch/grandconseil/gc/depute/63/,https://ge.ch/grandconseil/data/deputes/depute_photo_01f5a45a0f4b351835e48c75be2d5ba4.jpg,1981-01-01,Chargé de communication,m,
64,Pierre Losio,Pierre,Losio,Ve,https://ge.ch/grandconseil/gc/depute/64/,https://ge.ch/grandconseil/data/deputes/depute_photo_e00a697d294b58ade14052b3352c464b.jpg,1947-01-01,Retraité,m,
6,Guillaume Barazzone,Guillaume,Barazzone,PDC,https://ge.ch/grandconseil/gc/depute/6/,https://ge.ch/grandconseil/data/deputes/depute_photo_3c6506c5819607e15c3e94ed4b35664d.jpg,1982-01-01,,m,
66,Anne Mahrer,Anne,Mahrer,Ve,https://ge.ch/grandconseil/gc/depute/66/,https://ge.ch/grandconseil/data/deputes/depute_photo_700cd780ac1b04d5ceda924e416b62d4.jpg,1948-01-01,Retraitée,f,
61,François Lefort,François,Lefort,Ve,https://ge.ch/grandconseil/gc/depute/61/,https://ge.ch/grandconseil/data/deputes/depute_photo_f5e5aa48e9ac642ae243387b341f37c1.jpg,1962-01-01,"Professeur HES ordinaire, HES-SO Genève, HEPIA",m,
60,Patricia Läser,Patricia,Läser,R,https://ge.ch/grandconseil/gc/depute/60/,https://ge.ch/grandconseil/data/deputes/depute_photo_8e7ef07ba182c09337dc62afc491b148.jpg,1960-01-01,Paysanne et Direction de PME,f,
62,Eric Leyvraz,Eric,Leyvraz,UDC,https://ge.ch/grandconseil/gc/depute/62/,https://ge.ch/grandconseil/data/deputes/depute_photo_ba5a9fe3a48a34ec630cc00593f71468.jpg,1946-01-01,Vigneron,m,
58,Claude Jeanneret,Claude,Jeanneret,MCG,https://ge.ch/grandconseil/gc/depute/58/,https://ge.ch/grandconseil/data/deputes/depute_photo_fe06810a0e12a99585c7fb06f649a734.jpg,1943-01-01,Fiduciaire,m,
583,Mathilde Chaix,Mathilde,Chaix,L,https://ge.ch/grandconseil/gc/depute/583/,https://ge.ch/grandconseil/data/deputes/depute_photo_1086beb0aa0c13c3271576fb77399c52.jpg,1962-01-01,Chef de projet,f,
581,Martine Roset,Martine,Roset,PDC,https://ge.ch/grandconseil/gc/depute/581/,https://ge.ch/grandconseil/data/deputes/depute_photo_5d1163c17b40083d18f01ff4e3e3447f.jpg,1962-01-01,Vigneronne / Aménagiste / Conseillère administrative,f,
59,Olivier Jornot,Olivier,Jornot,L,https://ge.ch/grandconseil/gc/depute/59/,https://ge.ch/grandconseil/data/deputes/depute_photo_666438ed04581d88e61c6dd4fae664d6.jpg,1969-01-01,Avocat,m,
54,Serge Hiltpold,Serge,Hiltpold,PLR,https://ge.ch/grandconseil/gc/depute/54/,https://ge.ch/grandconseil/data/deputes/depute_photo_21cf8cb76edb97195997bd71afa8d16c.jpg,1971-01-01,"Entrepreneur Menuisier, Hiltpold SA Menuiserie et Agencement, Vernier",m,
578,Bertrand Buchs,Bertrand,Buchs,PDC,https://ge.ch/grandconseil/gc/depute/578/,https://ge.ch/grandconseil/data/deputes/depute_photo_d1402a52366f9b1e54f45e75dd893b99.jpg,1957-01-01,Médecin rhumatologue (indépendant),m,
51,Jean-Michel Gros,Jean-Michel,Gros,L,https://ge.ch/grandconseil/gc/depute/51/,https://ge.ch/grandconseil/data/deputes/depute_photo_f89fb7e65e5b38149b230a3faecca504.jpg,1953-01-01,Viticulteur,m,
553,Isabel Rochat,Isabel,Rochat,L,https://ge.ch/grandconseil/gc/depute/553/,https://ge.ch/grandconseil/data/deputes/depute_photo_0e2dca56811b3773bbfb7748d2755e48.jpg,1954-01-01,,f,
55,Frédéric Hohl,Frédéric,Hohl,PLR,https://ge.ch/grandconseil/gc/depute/55/,https://ge.ch/grandconseil/data/deputes/depute_photo_ac4358e6ffcc6f08d5373ca02cfb1b80.jpg,1963-01-01,Entrepreneur et producteur,m,
52,François Haldemann,François,Haldemann,R,https://ge.ch/grandconseil/gc/depute/52/,https://ge.ch/grandconseil/data/deputes/depute_photo_7eb57f1e33ea0aee0b1c6dafccb76a5b.jpg,1965-01-01,Agriculteur et administrateur,m,
48,François Gillet,François,Gillet,PDC,https://ge.ch/grandconseil/gc/depute/48/,https://ge.ch/grandconseil/data/deputes/depute_photo_550b37fa0f0eedab595b92cde06c6a7e.jpg,1959-01-01,Enseignant,m,
516,Christiane Favre,Christiane,Favre,L,https://ge.ch/grandconseil/gc/depute/516/,https://ge.ch/grandconseil/data/deputes/depute_photo_d93607111b34ce4a290008916630a4fd.jpg,1948-01-01,,f,
53,Esther Hartmann,Esther,Hartmann,Ve,https://ge.ch/grandconseil/gc/depute/53/,https://ge.ch/grandconseil/data/deputes/depute_photo_583688390fd761ce6f840bf3bdf2a087.jpg,1970-01-01,Psychologue,f,
5,Christophe Aumeunier,Christophe,Aumeunier,PLR,https://ge.ch/grandconseil/gc/depute/5/,https://ge.ch/grandconseil/data/deputes/depute_photo_6b764e604400cb54b393f4cdfccd5137.jpg,1967-01-01,Secrétaire d’association,m,
50,Roger Golay,Roger,Golay,MCG,https://ge.ch/grandconseil/gc/depute/50/,https://ge.ch/grandconseil/data/deputes/depute_photo_3deb15ee45ae92534f73bbc9127502b9.jpg,1959-01-01,Retraité,m,
49,Jean-François Girardet,Jean-François,Girardet,MCG,https://ge.ch/grandconseil/gc/depute/49/,https://ge.ch/grandconseil/data/deputes/depute_photo_6d797f0909e822bad803d7b5b1d58dfc.jpg,1953-01-01,Instituteur DIP,m,
46,Fabienne Gautier,Fabienne,Gautier,L,https://ge.ch/grandconseil/gc/depute/46/,https://ge.ch/grandconseil/data/deputes/depute_photo_21f21b06d69fa30ca7246a3af57c8960.jpg,1949-01-01,Commerçante,f,
47,Aurélie Gavillet,Aurélie,Gavillet,S,https://ge.ch/grandconseil/gc/depute/47/,https://ge.ch/grandconseil/data/deputes/depute_photo_002719d308e9d7cc71f48b3e699e6a72.jpg,1988-01-01,Etudiante et assistante en droit public à l’Université de Genève,f,
479,Norbert Maendly,Norbert,Maendly,UDC,https://ge.ch/grandconseil/gc/depute/479/,https://ge.ch/grandconseil/data/deputes/depute_photo_4526b1e3c58e8bf79ed912bae9df151b.jpg,1953-01-01,Eleveur de cochons,m,
44,Morgane Odier-Gauthier,Morgane,Odier-Gauthier,Ve,https://ge.ch/grandconseil/gc/depute/44/,https://ge.ch/grandconseil/data/deputes/depute_photo_4429fdf8f291f4673d67503eac65fab8.jpg,1975-01-01,Employée,f,
45,Renaud Gautier,Renaud,Gautier,PLR,https://ge.ch/grandconseil/gc/depute/45/,https://ge.ch/grandconseil/data/deputes/depute_photo_dddb4dd4a931a019ff6fd4294c647a24.jpg,1952-01-01,Gérant de biens,m,
455,Gilbert Catelain,Gilbert,Catelain,UDC,https://ge.ch/grandconseil/gc/depute/455/,https://ge.ch/grandconseil/data/deputes/depute_photo_b06ec44f0ca612b4689e4481c8359986.jpg,1965-01-01,"Inspecteur du commerce, DEE",m,
41,Sophie Forster Carbonnier,Sophie,Forster Carbonnier,Ve,https://ge.ch/grandconseil/gc/depute/41/,https://ge.ch/grandconseil/data/deputes/depute_photo_7a00051b6118750a18e30f1f55b73dcd.jpg,1968-01-01,Economiste,f,
442,Daniel Sormanni,Daniel,Sormanni,MCG,https://ge.ch/grandconseil/gc/depute/442/,https://ge.ch/grandconseil/data/deputes/depute_photo_c15c91d0d7c460b0f27e1209e2faf033.jpg,1950-01-01,Ingénieur en protection incendie,m,
42,Fabiano Forte,Fabiano,Forte,PDC,https://ge.ch/grandconseil/gc/depute/42/,https://ge.ch/grandconseil/data/deputes/depute_photo_54908c0822a359455265ea6087935f54.jpg,1976-01-01,Administrateur d’un département médical des Hôpitaux Universitaires de Genève,m,
43,Florian Gander,Florian,Gander,MCG,https://ge.ch/grandconseil/gc/depute/43/,https://ge.ch/grandconseil/data/deputes/depute_photo_fbd6017d13ea42399ebba8864a4a0657.jpg,1978-01-01,"Informaticien, sans employeur",m,
416,Carole-Anne Kast,Carole-Anne,Kast,S,https://ge.ch/grandconseil/gc/depute/416/,https://ge.ch/grandconseil/data/deputes/depute_photo_87e41ad1ebc201ae692a9249b92d1600.jpg,1974-01-01,Conseillère d’Etat,f,
4,Claude Aubert,Claude,Aubert,L,https://ge.ch/grandconseil/gc/depute/4/,https://ge.ch/grandconseil/data/deputes/depute_photo_551c854af526016b83b5af377c7f3968.jpg,1942-01-01,Médecin,m,
40,Michel Forni,Michel,Forni,PDC,https://ge.ch/grandconseil/gc/depute/40/,https://ge.ch/grandconseil/data/deputes/depute_photo_c5b2ea36eb6fa0fe7b50d354fbbc9483.jpg,1946-01-01,Cancérologue,m,
39,Nathalie Fontanet,Nathalie,Fontanet,PLR,https://ge.ch/grandconseil/gc/depute/39/,https://ge.ch/grandconseil/data/deputes/depute_photo_c1be44b360391fad3ceb460576242979.jpg,1965-01-01,Conseillère juridique,f,
37,Emilie Flamand-Lew,Emilie,Flamand-Lew,Ve,https://ge.ch/grandconseil/gc/depute/37/,https://ge.ch/grandconseil/data/deputes/depute_photo_e71875af151323e0a9601a0636708cdd.jpg,1982-01-01,Evaluatrice,f,
350,Thierry Apothéloz,Thierry,Apothéloz,S,https://ge.ch/grandconseil/gc/depute/350/,https://ge.ch/grandconseil/data/deputes/depute_photo_7cf0b1afc2fab1bfe05c6eb0f40d8821.jpg,1971-01-01,Conseiller d’Etat,m,
31,Antoine Droin,Antoine,Droin,S,https://ge.ch/grandconseil/gc/depute/31/,https://ge.ch/grandconseil/data/deputes/depute_photo_9da633d04bb7511607c8722e71f129de.jpg,1959-01-01,Directeur de la Fondation Le Balafon commerce équitable,m,
33,Anne Emery-Torracinta,Anne,Emery-Torracinta,S,https://ge.ch/grandconseil/gc/depute/33/,https://ge.ch/grandconseil/data/deputes/depute_photo_ccf35fc55be10174eb8b9b248f22019c.jpg,1958-01-01,Enseignante,f,
34,Marie-Thérèse Engelberts,Marie-Thérèse,Engelberts,HP,https://ge.ch/grandconseil/gc/depute/34/,https://ge.ch/grandconseil/data/deputes/depute_photo_2b0b8962c6bd6f14c549fda5d3002061.jpg,1945-01-01,Ancienne déléguée CICR,f,
32,Michel Ducret,Michel,Ducret,PLR,https://ge.ch/grandconseil/gc/depute/32/,https://ge.ch/grandconseil/data/deputes/depute_photo_a41d6a7a80fdb0199de10b541fe7f6b6.jpg,1949-01-01,Architecte indépendant,m,
3,Anne Marie von Arx-Vernon,Anne Marie,von Arx-Vernon,PDC,https://ge.ch/grandconseil/gc/depute/3/,https://ge.ch/grandconseil/data/deputes/depute_photo_56f89596f12a5e7759761cea4281a0db.jpg,1948-01-01,Experte en lutte contre la traite des êtres humains et des violences faites aux femmes,f,
289,Jean Rossiaud,Jean,Rossiaud,Ve,https://ge.ch/grandconseil/gc/depute/289/,https://ge.ch/grandconseil/data/deputes/depute_photo_80e6d4154c46326c09551eeacc3286c0.jpg,1960-01-01,"Directeur, Association LES IDEES",m,
30,René Desbaillets,René,Desbaillets,L,https://ge.ch/grandconseil/gc/depute/30/,https://ge.ch/grandconseil/data/deputes/depute_photo_5bf8077d905b73aaf1d5c9e85c34aa23.jpg,1951-01-01,Viticulteur – Encaveur,m,
29,Roger Deneys,Roger,Deneys,S,https://ge.ch/grandconseil/gc/depute/29/,https://ge.ch/grandconseil/data/deputes/depute_photo_5dc01958f88b207ff6c41a2beed08c47.jpg,1963-01-01,Informaticien,m,
272,Michèle Künzler,Michèle,Künzler,Ve,https://ge.ch/grandconseil/gc/depute/272/,https://ge.ch/grandconseil/data/deputes/depute_photo_e1949cb14bf5d415baa5b921b36cc02d.jpg,1961-01-01,Conseillère d’Etat,f,
27,Christian Dandrès,Christian,Dandrès,S,https://ge.ch/grandconseil/gc/depute/27/,https://ge.ch/grandconseil/data/deputes/depute_photo_4b97de3de1e97bf539ca483e173ff891.jpg,1981-01-01,"ASLOCA - Etude Zutter, Locciola, Buche & Associés, avocat",m,
28,Fabien Delaloye,Fabien,Delaloye,MCG,https://ge.ch/grandconseil/gc/depute/28/,https://ge.ch/grandconseil/data/deputes/depute_photo_8756e7f0be0a1162cfbb760bc4105214.jpg,1972-01-01,Ferblantier,m,
271,Antonio Hodgers,Antonio,Hodgers,Ve,https://ge.ch/grandconseil/gc/depute/271/,https://ge.ch/grandconseil/data/deputes/depute_photo_3278c81bdb6e888df8332ad29439e5ac.jpg,1976-01-01,Chef d’entreprise,m,
26,Serge Dal Busco,Serge,Dal Busco,PDC,https://ge.ch/grandconseil/gc/depute/26/,https://ge.ch/grandconseil/data/deputes/depute_photo_83612f0983976ad4001dd594970b405d.jpg,1959-01-01,Ingénieur / Chef d’entreprise,m,
2546,Monika Ducret,Monika,Ducret,LJS,https://ge.ch/grandconseil/gc/depute/2546/,https://ge.ch/grandconseil/data/deputes/depute_photo_90627f13dbb007931400db52c6db08e7.jpg,1966-01-01,Psychologue,f,
2532,Anne Hiltpold,Anne,Hiltpold,PLR,https://ge.ch/grandconseil/gc/depute/2532/,https://ge.ch/grandconseil/data/deputes/depute_photo_63a4bfcd24a60d25a549d125a35c908b.jpg,1973-01-01,Conseillère d’Etat,f,
2506,Pierre Maudet,Pierre,Maudet,LJS,https://ge.ch/grandconseil/gc/depute/2506/,https://ge.ch/grandconseil/data/deputes/depute_photo_f451d3b80e7652e055439a7d49c9d641.jpg,1978-01-01,Conseiller d’Etat,m,
2502,Eric Grand,Eric,Grand,PLR,https://ge.ch/grandconseil/gc/depute/2502/,https://ge.ch/grandconseil/data/deputes/depute_photo_8766665fc522fa4fec7086512f5e239d.jpg,1968-01-01,Conducteur de travaux - Architecte et ingénieur,m,
2501,Philippe Perrenoud,Philippe,Perrenoud,UDC,https://ge.ch/grandconseil/gc/depute/2501/,https://ge.ch/grandconseil/data/deputes/depute_photo_4d1557e1ee2a0760f084dc285a4cb78c.jpg,1964-01-01,Chef circulation train,m,
2499,Maria José Quijano Garcia,Maria José,Quijano Garcia,Ve,https://ge.ch/grandconseil/gc/depute/2499/,https://ge.ch/grandconseil/data/deputes/depute_photo_7619cd72d6e6552d09bf8802e692c7f7.jpg,1981-01-01,Secrétaire à l’AFM-GE,f,
2497,Anne Bonvin Bonfanti,Anne,Bonvin Bonfanti,Ve,https://ge.ch/grandconseil/gc/depute/2497/,https://ge.ch/grandconseil/data/deputes/depute_photo_3bc10ac8c8771026f7d7489518d2d6ec.jpg,1977-01-01,"Conseillère de direction en charge de la communication, Ville de Genève",f,
25,Edouard Cuendet,Edouard,Cuendet,PLR,https://ge.ch/grandconseil/gc/depute/25/,https://ge.ch/grandconseil/data/deputes/depute_photo_4cd6319e70ca526f438d17938f1ae73f.jpg,1967-01-01,"Avocat - Directeur, Fondation Genève Place Financière",m,
2495,Aude Martenot,Aude,Martenot,EAG,https://ge.ch/grandconseil/gc/depute/2495/,https://ge.ch/grandconseil/data/deputes/depute_photo_e0a600432583a5c5f74f3310c8a497ab.jpg,1986-01-01,Secrétaire générale ONG - Chargée de projet à l’observatoire romand du droit d’asile et des étrangers - Secrétaire du Conseil de Fondation Partage,f,
2493,Maria Vittoria Romano,Maria Vittoria,Romano,S,https://ge.ch/grandconseil/gc/depute/2493/,https://ge.ch/grandconseil/data/deputes/depute_photo_d1d88650e23ec47268026c24fe99aff6.jpg,1966-01-01,Responsable RH UNIGE (cadre supérieur),f,
2496,Sébastien Thomas,Sébastien,Thomas,UDC,https://ge.ch/grandconseil/gc/depute/2496/,https://ge.ch/grandconseil/data/deputes/depute_photo_876cdb0f7cc9be5bf84df07710a90a40.jpg,1995-01-01,"Pâtissier, Jowa SA",m,
2494,Denis Chiaradonna,Denis,Chiaradonna,S,https://ge.ch/grandconseil/gc/depute/2494/,https://ge.ch/grandconseil/data/deputes/depute_photo_cdda9d6b2891da924d38ab4e6c8b79be.jpg,1976-01-01,Juriste / Transports publics genevois,m,
2489,Marta Julia Macchiavelli,Marta Julia,Macchiavelli,Ve,https://ge.ch/grandconseil/gc/depute/2489/,https://ge.ch/grandconseil/data/deputes/depute_photo_b42a0b63cc6f859f329f7f396d923508.jpg,1964-01-01,"Journaliste, consultante en communication et marketing digital, genre et développement",f,
2492,Corinne Müller Sontag,Corinne,Müller Sontag,Ve,https://ge.ch/grandconseil/gc/depute/2492/,https://ge.ch/grandconseil/data/deputes/depute_photo_6cc8908bc41ce24e991048ded70d4703.jpg,1971-01-01,"Administratrice, Musée Ariana",f,
2487,Sophie Desbiolles,Sophie,Desbiolles,Ve,https://ge.ch/grandconseil/gc/depute/2487/,https://ge.ch/grandconseil/data/deputes/depute_photo_ec0abcd1c996222696b0be7f818bc4d2.jpg,1992-01-01,Etudiante,f,
2485,Ruth Bänziger,Ruth,Bänziger,Ve,https://ge.ch/grandconseil/gc/depute/2485/,https://ge.ch/grandconseil/data/deputes/depute_photo_530209258770dc32156af717255b61be.jpg,1965-01-01,"Collaboratrice scientifique, Office fédéral de l’environnement",f,
2488,Fabienne Fischer,Fabienne,Fischer,Ve,https://ge.ch/grandconseil/gc/depute/2488/,https://ge.ch/grandconseil/data/deputes/depute_photo_e7a545371f76ce500147706564bf1bc2.jpg,1961-01-01,Avocate,f,
2486,Esther Schaufelberger,Esther,Schaufelberger,Ve,https://ge.ch/grandconseil/gc/depute/2486/,https://ge.ch/grandconseil/data/deputes/depute_photo_7721cebc81ef5960a5e9a581aa988c09.jpg,1968-01-01,"Ethnologue, spécialiste en philanthropie, CICR",f,
2483,Glenna Baillon-Lopez,Glenna,Baillon-Lopez,S,https://ge.ch/grandconseil/gc/depute/2483/,https://ge.ch/grandconseil/data/deputes/depute_photo_76af64ca9087e6a9c20a3ebc21ef3a3a.jpg,1972-01-01,Juriste,f,
2484,Guilhem Kokot,Guilhem,Kokot,S,https://ge.ch/grandconseil/gc/depute/2484/,https://ge.ch/grandconseil/data/deputes/depute_photo_db104a93c2d8f5279a44002f997a5f93.jpg,1995-01-01,Etudiant en sciences de l’éducation,m,
2482,Helena Rigotti,Helena,Rigotti,PLR,https://ge.ch/grandconseil/gc/depute/2482/,https://ge.ch/grandconseil/data/deputes/depute_photo_e5a030bfe695df1eafda8f755fc64184.jpg,1969-01-01,Administratrice - Restauratrice (indépendante),f,
2477,Nicolas Clémence,Nicolas,Clémence,S,https://ge.ch/grandconseil/gc/depute/2477/,https://ge.ch/grandconseil/data/deputes/depute_photo_8eb0cd49a39017a98934311475e27f1b.jpg,1985-01-01,"Urbaniste, Ville d’Onex",m,
2474,Françoise Nyffeler,Françoise,Nyffeler,EAG,https://ge.ch/grandconseil/gc/depute/2474/,https://ge.ch/grandconseil/data/deputes/depute_photo_b89aaa8ad591a2f9020c7fadb0cf2dac.jpg,1956-01-01,Retraitée de l’enseignement public (CO Vuillonex),f,
2472,Badia Luthi,Badia,Luthi,S,https://ge.ch/grandconseil/gc/depute/2472/,https://ge.ch/grandconseil/data/deputes/depute_photo_eead2ed3bb2337e964b13b2d05279a77.jpg,1965-01-01,Consultante en développement socio-éducatif de l’enfant (indépendante),f,
2470,Eliane Michaud Ansermet,Eliane,Michaud Ansermet,UDC,https://ge.ch/grandconseil/gc/depute/2470/,https://ge.ch/grandconseil/data/deputes/depute_photo_02e968692edbd039f206d6e594fbdf01.jpg,1952-01-01,Retraitée,f,
2468,Helena Verissimo de Freitas,Helena,Verissimo de Freitas,S,https://ge.ch/grandconseil/gc/depute/2468/,https://ge.ch/grandconseil/data/deputes/depute_photo_504b6beb273eeb566c4cb83e3752d310.jpg,1974-01-01,Secrétaire (indépendante),f,
2469,Youniss Mussa,Youniss,Mussa,S,https://ge.ch/grandconseil/gc/depute/2469/,https://ge.ch/grandconseil/data/deputes/depute_photo_395ad73801913cc23d71d48edc3ff01e.jpg,1997-01-01,,m,
2467,Emmanuel Deonna,Emmanuel,Deonna,S,https://ge.ch/grandconseil/gc/depute/2467/,https://ge.ch/grandconseil/data/deputes/depute_photo_7fa5cb9f25ea00092315a3d0dbdfd291.jpg,1979-01-01,Journaliste et critique indépendant,m,
2466,Amanda Gavilanes,Amanda,Gavilanes,S,https://ge.ch/grandconseil/gc/depute/2466/,https://ge.ch/grandconseil/data/deputes/depute_photo_598f0eeaa43e87f6103f99b971aa91b4.jpg,1983-01-01,"Chargée de communication et des relations institutionnelles, Délégation du gouvernement catalan en Suisse",f,
2462,Sylvie Jay,Sylvie,Jay,PLR,https://ge.ch/grandconseil/gc/depute/2462/,https://ge.ch/grandconseil/data/deputes/depute_photo_8457ce15706baa0223d4f570182a5175.jpg,1964-01-01,Pharmacienne,f,
2460,Pierre Bayenet,Pierre,Bayenet,EAG,https://ge.ch/grandconseil/gc/depute/2460/,https://ge.ch/grandconseil/data/deputes/depute_photo_e6559a6c6948b2dd42f76a436f4fd044.jpg,1976-01-01,Avocat,m,
2458,Martin Staub,Martin,Staub,S,https://ge.ch/grandconseil/gc/depute/2458/,https://ge.ch/grandconseil/data/deputes/depute_photo_6a8858a3c32df287344ecbb1582557e0.jpg,1984-01-01,Avocat,m,
2456,Simon Brandt,Simon,Brandt,PLR,https://ge.ch/grandconseil/gc/depute/2456/,https://ge.ch/grandconseil/data/deputes/depute_photo_defe0d769c795b6ad55e418f1da5e42c.jpg,1984-01-01,Adjoint scientifique,m,
2457,Jacques Apothéloz,Jacques,Apothéloz,PLR,https://ge.ch/grandconseil/gc/depute/2457/,https://ge.ch/grandconseil/data/deputes/depute_photo_fb6e30eff0d61afdb1fef0ca2e47e9f9.jpg,1961-01-01,"Employé de banque, Piguet Galland & Cie SA",m,
2455,Jean Burgermeister,Jean,Burgermeister,EAG,https://ge.ch/grandconseil/gc/depute/2455/,https://ge.ch/grandconseil/data/deputes/depute_photo_b8b8608f0e55850d4b55971e9b064a17.jpg,1989-01-01,"Assistant de direction, UNIA",m,
2454,Katia Leonelli,Katia,Leonelli,Ve,https://ge.ch/grandconseil/gc/depute/2454/,https://ge.ch/grandconseil/data/deputes/depute_photo_e8049ce27408a6f591843c4384f5eaa5.jpg,1997-01-01,Etudiante,f,
2452,Paloma Tschudi,Paloma,Tschudi,Ve,https://ge.ch/grandconseil/gc/depute/2452/,https://ge.ch/grandconseil/data/deputes/depute_photo_2da32fb8472b67120237f42eda9e7261.jpg,1989-01-01,Enseignante,f,
2450,Marc Fuhrmann,Marc,Fuhrmann,UDC,https://ge.ch/grandconseil/gc/depute/2450/,https://ge.ch/grandconseil/data/deputes/depute_photo_0958f5b8d4fbc0056fee91fa64400966.jpg,1968-01-01,Consultant,m,
2445,Alessandra Oriolo,Alessandra,Oriolo,Ve,https://ge.ch/grandconseil/gc/depute/2445/,https://ge.ch/grandconseil/data/deputes/depute_photo_68c2710cf9f8a877e694545d0a834ab8.jpg,1991-01-01,"Assistante communication, Théâtre du POCHE/GVE",f,
2442,Pablo Cruchon,Pablo,Cruchon,EAG,https://ge.ch/grandconseil/gc/depute/2442/,https://ge.ch/grandconseil/data/deputes/depute_photo_04ae61b5c26ba22c7882040370249a4b.jpg,1983-01-01,"Coordinateur de campagnes, Amnesty International",m,
2439,Philippe Poget,Philippe,Poget,Ve,https://ge.ch/grandconseil/gc/depute/2439/,https://ge.ch/grandconseil/data/deputes/depute_photo_1d7e2efdd033c02576d11893fb920b47.jpg,1958-01-01,Directeur bureau d’études Poget & Meynet (indépendant),m,
2438,Raphaël Coudray,Raphaël,Coudray,MCG,https://ge.ch/grandconseil/gc/depute/2438/,,1974-01-01,Conseiller en mobilité professionnelle,m,
2434,Claude Bocquet,Claude,Bocquet,PDC,https://ge.ch/grandconseil/gc/depute/2434/,https://ge.ch/grandconseil/data/deputes/depute_photo_fe1142445256e4f6e228beb30424f8cb.jpg,1962-01-01,Viticultrice (indépendante),f,
2432,Adrienne Sordet,Adrienne,Sordet,Ve,https://ge.ch/grandconseil/gc/depute/2432/,https://ge.ch/grandconseil/data/deputes/depute_photo_988d321b7a4b0b840a669ac801e3e937.jpg,1996-01-01,"Assistante HES, HEPIA (HES-SO)",f,
2431,Stéphanie Valentino,Stéphanie,Valentino,EAG,https://ge.ch/grandconseil/gc/depute/2431/,https://ge.ch/grandconseil/data/deputes/depute_photo_114a34ff94517e81785f4eb5214bf045.jpg,1990-01-01,Infirmière,f,
2429,Yvan Rochat,Yvan,Rochat,Ve,https://ge.ch/grandconseil/gc/depute/2429/,https://ge.ch/grandconseil/data/deputes/depute_photo_d9881da7b1d2a64e7914f70891ba64a1.jpg,1967-01-01,Secrétaite général de la commune de Genthod,m,
2426,Isabelle Pasquier,Isabelle,Pasquier,Ve,https://ge.ch/grandconseil/gc/depute/2426/,https://ge.ch/grandconseil/data/deputes/depute_photo_a21774ac270109208b91e733b006b088.jpg,1973-01-01,Coordinatrice romande initiative des Alpes,f,
2422,Xavier Magnin,Xavier,Magnin,LC,https://ge.ch/grandconseil/gc/depute/2422/,https://ge.ch/grandconseil/data/deputes/depute_photo_684a46776a757c4506b29996181518d4.jpg,1969-01-01,"Enseignant, Etat de Genève, DIP",m,
2420,Patrice Schaer,Patrice,Schaer,MCG,https://ge.ch/grandconseil/gc/depute/2420/,https://ge.ch/grandconseil/data/deputes/depute_photo_f5fcc47bbae108c0ec265a5248401e82.jpg,1952-01-01,Expert en fiscalité,m,
2419,Jean-Claude Cantiello,Jean-Claude,Cantiello,MCG,https://ge.ch/grandconseil/gc/depute/2419/,https://ge.ch/grandconseil/data/deputes/depute_photo_1040a5913a2123d8171243d5527edb8a.jpg,1975-01-01,"Sous-brigadier de gendarmerie, police cantonale de Genève",m,
2417,Anne Moratti,Anne,Moratti,Ve,https://ge.ch/grandconseil/gc/depute/2417/,,1970-01-01,Administratrice,f,
2416,Antoine Maulini,Antoine,Maulini,Ve,https://ge.ch/grandconseil/gc/depute/2416/,https://ge.ch/grandconseil/data/deputes/depute_photo_410f8ae8606d3fd37d3dc90d03ac81db.jpg,1987-01-01,Comédien,m,
2414,Alexandra Rys,Alexandra,Rys,PDC,https://ge.ch/grandconseil/gc/depute/2414/,https://ge.ch/grandconseil/data/deputes/depute_photo_957ceae340a3f74998b26e7168e79ac3.jpg,1965-01-01,"Membre de la direction de la Chambre de commerce, d’industrie et des services de Genève",f,
2412,Nathalie Hardyn,Nathalie,Hardyn,PLR,https://ge.ch/grandconseil/gc/depute/2412/,https://ge.ch/grandconseil/data/deputes/depute_photo_6f48ee410849f76181c4533afdee64fa.jpg,1962-01-01,"Directrice adjointe Chambre de commerce, d’industrie et des services de Genève",f,
2409,Jean Fontaine,Jean,Fontaine,MCG,https://ge.ch/grandconseil/gc/depute/2409/,https://ge.ch/grandconseil/data/deputes/depute_photo_3240fbeb3ac5d575cb28ddf4ae7e8f21.jpg,1966-01-01,Pépiniériste paysagiste,m,
2408,Patrick Hulliger,Patrick,Hulliger,HP,https://ge.ch/grandconseil/gc/depute/2408/,https://ge.ch/grandconseil/data/deputes/depute_photo_6fd4c0a32431ff3df0a1d6f2536a8ded.jpg,1957-01-01,"Commercial, Domaine des Bossons, Eric Leyvraz, Peissy",m,
2407,Claire Martenot,Claire,Martenot,EAG,https://ge.ch/grandconseil/gc/depute/2407/,https://ge.ch/grandconseil/data/deputes/depute_photo_fd6857a1278f26412068a97d6245fb16.jpg,1953-01-01,Enseignante au Cycle d’orientation,f,
2406,Delphine Bachmann,Delphine,Bachmann,LC,https://ge.ch/grandconseil/gc/depute/2406/,https://ge.ch/grandconseil/data/deputes/depute_photo_3fd632f790f16a011e1f8da85a2b5496.jpg,1988-01-01,"Chargée de projets - Clinique des Grangettes, Hirslanden",f,
2404,Patrick Malek-Asghar,Patrick,Malek-Asghar,PLR,https://ge.ch/grandconseil/gc/depute/2404/,https://ge.ch/grandconseil/data/deputes/depute_photo_63df72ef729b5e6023450dea656ac053.jpg,1964-01-01,Avocat (indépendant),m,
2405,Guillaume Käser,Guillaume,Käser,Ve,https://ge.ch/grandconseil/gc/depute/2405/,https://ge.ch/grandconseil/data/deputes/depute_photo_d351eec7092b0e56f8fadf38e906424b.jpg,1973-01-01,Administrateur,m,
2403,Maria Pérez,Maria,Pérez,EAG,https://ge.ch/grandconseil/gc/depute/2403/,https://ge.ch/grandconseil/data/deputes/depute_photo_9f8c2f7c8c4c7876996f09b4128df4c6.jpg,1969-01-01,Comédienne,f,
2402,Marko Bandler,Marko,Bandler,S,https://ge.ch/grandconseil/gc/depute/2402/,https://ge.ch/grandconseil/data/deputes/depute_photo_8483625d7d25161ec8606779deb2f46b.jpg,1975-01-01,Responsable du service de la cohésion sociale de Vernier,m,
2400,Jean Batou,Jean,Batou,EAG,https://ge.ch/grandconseil/gc/depute/2400/,https://ge.ch/grandconseil/data/deputes/depute_photo_65c3b128cee67692ec6b0480c16c172c.jpg,1954-01-01,Professeur honoraire à l’Université de Lausanne,m,
2398,Christian Decorvet,Christian,Decorvet,MCG,https://ge.ch/grandconseil/gc/depute/2398/,https://ge.ch/grandconseil/data/deputes/depute_photo_4e7b9cc91adce4d4bd4727a75af1e27e.jpg,1966-01-01,Cadre,m,
2397,Francisco Valentin,Francisco,Valentin,MCG,https://ge.ch/grandconseil/gc/depute/2397/,https://ge.ch/grandconseil/data/deputes/depute_photo_52cdf428136db8e2e8cf46c72009daa4.jpg,1960-01-01,"Fonctionnaire d’Etat, Etat de Genève, DSPS",m,
2396,Françoise Sapin,Françoise,Sapin,MCG,https://ge.ch/grandconseil/gc/depute/2396/,https://ge.ch/grandconseil/data/deputes/depute_photo_aad925ac18c6b70fe0f7d6ba95908233.jpg,1953-01-01,Fiduciaire - Indépendante,f,
2395,Maria Casares,Maria,Casares,S,https://ge.ch/grandconseil/gc/depute/2395/,https://ge.ch/grandconseil/data/deputes/depute_photo_5c7024ce4cf851228e92a992059a3f51.jpg,1960-01-01,"Département de la sécurité, responsable financière",f,
2394,Vera Figurek,Vera,Figurek,EAG,https://ge.ch/grandconseil/gc/depute/2394/,https://ge.ch/grandconseil/data/deputes/depute_photo_3790a8672487b44f636876a578e2e9c0.jpg,1977-01-01,"Enseignante école primaire, DIP - Enseignante chargée du soutien pédagogique (ECSP)",f,
2391,Geneviève Arnold,Geneviève,Arnold,PDC,https://ge.ch/grandconseil/gc/depute/2391/,https://ge.ch/grandconseil/data/deputes/depute_photo_55f2b73fb7af6f9a03c670421b1dc2e7.jpg,1961-01-01,Enseignante au post-obligatoire,f,
2393,Delphine Klopfenstein Broggini,Delphine,Klopfenstein Broggini,Ve,https://ge.ch/grandconseil/gc/depute/2393/,https://ge.ch/grandconseil/data/deputes/depute_photo_bd1dcc8ec7c579fedc0f942f87c2eb1f.jpg,1976-01-01,Co-secrétaire générale des Verts genevois,f,
2387,Christian Frey,Christian,Frey,S,https://ge.ch/grandconseil/gc/depute/2387/,https://ge.ch/grandconseil/data/deputes/depute_photo_842ed3723fd1a1f0e636338952d6a227.jpg,1949-01-01,"Psychologue FSP, consultant",m,
2390,Pierre Gauthier,Pierre,Gauthier,HP,https://ge.ch/grandconseil/gc/depute/2390/,https://ge.ch/grandconseil/data/deputes/depute_photo_57c0535e1d28f77735e5c5fea1634c28.jpg,1950-01-01,Thérapeute retraité,m,
2389,Georges Vuillod,Georges,Vuillod,PLR,https://ge.ch/grandconseil/gc/depute/2389/,https://ge.ch/grandconseil/data/deputes/depute_photo_3f85aa0ba9cf379d47987441c1f4b231.jpg,1967-01-01,Directeur,m,
2384,Frédérique Perler,Frédérique,Perler,Ve,https://ge.ch/grandconseil/gc/depute/2384/,https://ge.ch/grandconseil/data/deputes/depute_photo_d73a7cb5f2c791de5a6360e12e032c31.jpg,1960-01-01,Conseillère administrative de la Ville de Genève,f,
2386,Jean-Charles Lathion,Jean-Charles,Lathion,PDC,https://ge.ch/grandconseil/gc/depute/2386/,https://ge.ch/grandconseil/data/deputes/depute_photo_2cb2b74ab769053d14216dc4558a5561.jpg,1950-01-01,Ancien Directeur à l’OFPC / Retraité de la fonction publique (DIP),m,
2385,Michel Baud,Michel,Baud,UDC,https://ge.ch/grandconseil/gc/depute/2385/,https://ge.ch/grandconseil/data/deputes/depute_photo_e0a7c269dd0863e13f94c0c3533841a8.jpg,1963-01-01,,m,
2379,Ronald Zacharias,Ronald,Zacharias,HP,https://ge.ch/grandconseil/gc/depute/2379/,https://ge.ch/grandconseil/data/deputes/depute_photo_881a726d640b9cfd8f59edde4f45e6e9.jpg,1949-01-01,Propriétaire & promoteur immobilier / Avocat,m,
2381,Sandra Golay,Sandra,Golay,MCG,https://ge.ch/grandconseil/gc/depute/2381/,https://ge.ch/grandconseil/data/deputes/depute_photo_e022df9339b09657ac8be84517b461ad.jpg,1963-01-01,Expert-comptable,f,
2374,Thomas Bläsi,Thomas,Bläsi,UDC,https://ge.ch/grandconseil/gc/depute/2374/,https://ge.ch/grandconseil/data/deputes/depute_photo_14aadb53c19ac0c0ec55746062bd6311.jpg,1971-01-01,Pharmacien responsable (indépendant),m,
2377,Jean Sanchez,Jean,Sanchez,MCG,https://ge.ch/grandconseil/gc/depute/2377/,https://ge.ch/grandconseil/data/deputes/depute_photo_f37d0b19ab44a73727e0c3a886ff9188.jpg,1960-01-01,,m,
2376,Carlos Medeiros,Carlos,Medeiros,HP,https://ge.ch/grandconseil/gc/depute/2376/,https://ge.ch/grandconseil/data/deputes/depute_photo_248f620ded26ce763af5e304ec148532.jpg,1965-01-01,Directeur / Administrateur,m,
2371,Olivier Cerutti,Olivier,Cerutti,PDC,https://ge.ch/grandconseil/gc/depute/2371/,https://ge.ch/grandconseil/data/deputes/depute_photo_1d5296fe60622561fce0bbc0c213752f.jpg,1962-01-01,"Entrepreneur, Cerutti Sanitaires SA (salarié, directeur général et administrateur)",m,
2370,François Lance,François,Lance,PDC,https://ge.ch/grandconseil/gc/depute/2370/,https://ge.ch/grandconseil/data/deputes/depute_photo_b6523311d26892f9f4ae3cdd0859e617.jpg,1953-01-01,Retraité,m,
2373,Michel Amaudruz,Michel,Amaudruz,UDC,https://ge.ch/grandconseil/gc/depute/2373/,https://ge.ch/grandconseil/data/deputes/depute_photo_0bf14e9262356511ab33e2904e3f6e8d.jpg,1939-01-01,Avocat,m,
2372,Jean-Luc Forni,Jean-Luc,Forni,PDC,https://ge.ch/grandconseil/gc/depute/2372/,https://ge.ch/grandconseil/data/deputes/depute_photo_b920952ff52d4c5da1f7671b62cc21f9.jpg,1954-01-01,Pharmacien,m,
2367,Mathias Buschbeck,Mathias,Buschbeck,Ve,https://ge.ch/grandconseil/gc/depute/2367/,https://ge.ch/grandconseil/data/deputes/depute_photo_e59c924293c911247099f3cc35e53ad3.jpg,1975-01-01,,m,
2366,Boris Calame,Boris,Calame,HP,https://ge.ch/grandconseil/gc/depute/2366/,https://ge.ch/grandconseil/data/deputes/depute_photo_05b6a2e66bb6a1accea8934f5238cfff.jpg,1965-01-01,"Designer et Ecologue, Atelier Boris Calame SGD l graphic design, communication visuelle et environnement (indépendant)",m,
2369,Jean-Michel Bugnion,Jean-Michel,Bugnion,Ve,https://ge.ch/grandconseil/gc/depute/2369/,https://ge.ch/grandconseil/data/deputes/depute_photo_cb8d320de8cd4a7280b7b0bd24f3d586.jpg,1950-01-01,Directeur de Cycle d’orientation (plend au 30.09.2013),m,
2368,Sarah Klopmann,Sarah,Klopmann,Ve,https://ge.ch/grandconseil/gc/depute/2368/,https://ge.ch/grandconseil/data/deputes/depute_photo_573e7b2b46f5f9e553a670408d99118a.jpg,1982-01-01,Masseuse thérapeutique,f,
2363,Raymond Wicky,Raymond,Wicky,PLR,https://ge.ch/grandconseil/gc/depute/2363/,https://ge.ch/grandconseil/data/deputes/depute_photo_f72a70e166bfe386fdb333e61b388235.jpg,1954-01-01,Indépendant,m,
2362,Bénédicte Montant,Bénédicte,Montant,PLR,https://ge.ch/grandconseil/gc/depute/2362/,https://ge.ch/grandconseil/data/deputes/depute_photo_770f93d4b18a3f2ca5b102c85864b858.jpg,1965-01-01,Architecte,f,
2364,Simone de Montmollin,Simone,de Montmollin,PLR,https://ge.ch/grandconseil/gc/depute/2364/,https://ge.ch/grandconseil/data/deputes/depute_photo_e5d2c6ade8e90a500205ed2d3a5c9a00.jpg,1968-01-01,Ingénieure Oenologue,f,
2365,Lisa Mazzone,Lisa,Mazzone,Ve,https://ge.ch/grandconseil/gc/depute/2365/,https://ge.ch/grandconseil/data/deputes/depute_photo_a4c390dc65cd1ba11101b2e2b1f50ff6.jpg,1988-01-01,Chargée de projets associatifs,f,
2359,Lionel Halpérin,Lionel,Halpérin,PLR,https://ge.ch/grandconseil/gc/depute/2359/,https://ge.ch/grandconseil/data/deputes/depute_photo_bf9468c3fdfb3a87dd0e086e9be5f8bb.jpg,1974-01-01,Avocat,m,
2356,Isabelle Brunier,Isabelle,Brunier,S,https://ge.ch/grandconseil/gc/depute/2356/,https://ge.ch/grandconseil/data/deputes/depute_photo_562e5a3ee9b4360c2e638dc9c54325a7.jpg,1956-01-01,Historienne à l’Etat de Genève (DALE),f,
2360,Benoît Genecand,Benoît,Genecand,PLR,https://ge.ch/grandconseil/gc/depute/2360/,https://ge.ch/grandconseil/data/deputes/depute_photo_68e0249d21f9b81697a09d4edb004bb0.jpg,1964-01-01,Administrateur indépendant / Consultant,m,
2348,Olivier Baud,Olivier,Baud,EAG,https://ge.ch/grandconseil/gc/depute/2348/,https://ge.ch/grandconseil/data/deputes/depute_photo_4542acd8ef54878b5cc4f16cdbf02610.jpg,1959-01-01,"Enseignant spécialisé, retraité",m,
2349,Christian Zaugg,Christian,Zaugg,EAG,https://ge.ch/grandconseil/gc/depute/2349/,https://ge.ch/grandconseil/data/deputes/depute_photo_23040508b50c839ecc3e58d928e0f15f.jpg,1943-01-01,Retraité,m,
2351,Sandrine Salerno,Sandrine,Salerno,S,https://ge.ch/grandconseil/gc/depute/2351/,https://ge.ch/grandconseil/data/deputes/depute_photo_d19ae5f3ebdde58bbd81cc1bb8309461.jpg,1971-01-01,,f,
2343,Cyril Aellen,Cyril,Aellen,PLR,https://ge.ch/grandconseil/gc/depute/2343/,https://ge.ch/grandconseil/data/deputes/depute_photo_55d3beb599d4fe82b3e6e1f814b4d54f.jpg,1972-01-01,Avocat,m,
2347,Magali Orsini,Magali,Orsini,EAG,https://ge.ch/grandconseil/gc/depute/2347/,https://ge.ch/grandconseil/data/deputes/depute_photo_ab49250f90af51a74cf0cd51393f38a3.jpg,1941-01-01,Expert-comptable,f,
2346,Michel Ducommun,Michel,Ducommun,EAG,https://ge.ch/grandconseil/gc/depute/2346/,https://ge.ch/grandconseil/data/deputes/depute_photo_6fa6dab059bf0b566721b5aaa5585721.jpg,1943-01-01,Retraité,m,
2339,Marion Sobanek,Marion,Sobanek,S,https://ge.ch/grandconseil/gc/depute/2339/,https://ge.ch/grandconseil/data/deputes/depute_photo_d5d807bb60c93c42876ead801ac6a523.jpg,1955-01-01,,f,
23,Elisabeth Chatelain,Elisabeth,Chatelain,HP,https://ge.ch/grandconseil/gc/depute/23/,https://ge.ch/grandconseil/data/deputes/depute_photo_1a7343f3306a12f5ea6e16102f448fcb.jpg,1961-01-01,,f,
2340,Magali Origa,Magali,Origa,Ve,https://ge.ch/grandconseil/gc/depute/2340/,https://ge.ch/grandconseil/data/deputes/depute_photo_0bc45aa894b4d70e6626e7ab22f941d1.jpg,1983-01-01,Enseignante,f,
2331,Pierre Ronget,Pierre,Ronget,PLR,https://ge.ch/grandconseil/gc/depute/2331/,https://ge.ch/grandconseil/data/deputes/depute_photo_698315ccc1ba3ca630f3f41f8af06404.jpg,1944-01-01,"Conseiller administratif, Commune de Vernier",m,
2334,Melik Özden,Melik,Özden,S,https://ge.ch/grandconseil/gc/depute/2334/,https://ge.ch/grandconseil/data/deputes/depute_photo_7b111abc20826a1ad2a6fb69cf921f5c.jpg,1962-01-01,Directeur programme,m,
2,David Amsler,David,Amsler,L,https://ge.ch/grandconseil/gc/depute/2/,https://ge.ch/grandconseil/data/deputes/depute_photo_872f7e1b5099cf669c3ddfb1b024bc72.jpg,1962-01-01,,m,
2333,Bernhard Riedweg,Bernhard,Riedweg,UDC,https://ge.ch/grandconseil/gc/depute/2333/,https://ge.ch/grandconseil/data/deputes/depute_photo_27fd8c627de97e5bb391c463c4be2f2b.jpg,1946-01-01,Formateur en techniques bancaires,m,
20,Prunella Carrard,Prunella,Carrard,S,https://ge.ch/grandconseil/gc/depute/20/,https://ge.ch/grandconseil/data/deputes/depute_photo_89e6fe7a43dbdd8f7e7f6ea899382d24.jpg,1980-01-01,Directrice de l’Association La Barje,f,
22,Alain Charbonnier,Alain,Charbonnier,S,https://ge.ch/grandconseil/gc/depute/22/,https://ge.ch/grandconseil/data/deputes/depute_photo_2adee4c3ae7614252605971aa894a63b.jpg,1961-01-01,Directeur Centre de maintien à domicile à IMAD,m,
185,Rémy Pagani,Rémy,Pagani,EAG,https://ge.ch/grandconseil/gc/depute/185/,https://ge.ch/grandconseil/data/deputes/depute_photo_d808d215ffbfb9d2f94d73223a20c0b2.jpg,1954-01-01,"Consultant indépendant, Mandataire professionnellement qualifié (Prud’hommes, CRCT, Tribunal des baux, etc.)",m,
195,Salika Wenger,Salika,Wenger,EAG,https://ge.ch/grandconseil/gc/depute/195/,https://ge.ch/grandconseil/data/deputes/depute_photo_3d5e2f75b89d2f7ee7d036d8cf1fc91f.jpg,1949-01-01,Retraitée,f,
19,Mathilde Captyn,Mathilde,Captyn,Ve,https://ge.ch/grandconseil/gc/depute/19/,https://ge.ch/grandconseil/data/deputes/depute_photo_07326746a157a8ccd6d00622a0143b89.jpg,1981-01-01,Chargée de projets,f,
17,Irène Buche,Irène,Buche,S,https://ge.ch/grandconseil/gc/depute/17/,https://ge.ch/grandconseil/data/deputes/depute_photo_3bacb094b68bd1ccc083435e091e4466.jpg,1959-01-01,Avocate à l’ASLOCA,f,
193,Pierre Vanek,Pierre,Vanek,EAG,https://ge.ch/grandconseil/gc/depute/193/,https://ge.ch/grandconseil/data/deputes/depute_photo_3c5f908980fbe03681acce012cb7c4d5.jpg,1954-01-01,Retraité,m,
170,Christian Grobet,Christian,Grobet,EAG,https://ge.ch/grandconseil/gc/depute/170/,https://ge.ch/grandconseil/data/deputes/depute_photo_f5baeba07b4276d70aa70b1cac6c6e69.jpg,1941-01-01,Avocat,m,
18,Beatriz de Candolle,Beatriz,de Candolle,PLR,https://ge.ch/grandconseil/gc/depute/18/,https://ge.ch/grandconseil/data/deputes/depute_photo_ee007548164d3e65b88773b3c8542b2c.jpg,1957-01-01,Journaliste,f,
14,Loly Bolay,Loly,Bolay,S,https://ge.ch/grandconseil/gc/depute/14/,https://ge.ch/grandconseil/data/deputes/depute_photo_f2c4f5ab3e50efbefacba5a3a8a193a5.jpg,1950-01-01,Indépendante,f,
172,Jocelyne Haller,Jocelyne,Haller,EAG,https://ge.ch/grandconseil/gc/depute/172/,https://ge.ch/grandconseil/data/deputes/depute_photo_44660604c356a6b641e917721bbf2a83.jpg,1954-01-01,Retraitée,f,
15,Marcel Borloz,Marcel,Borloz,L,https://ge.ch/grandconseil/gc/depute/15/,https://ge.ch/grandconseil/data/deputes/depute_photo_86c026c37e3678186542d405d9c65d16.jpg,1957-01-01,Brigadier de gendarmerie,m,
1693,Christophe Andrié,Christophe,Andrié,MCG,https://ge.ch/grandconseil/gc/depute/1693/,,1981-01-01,Chef d’entreprise,m,
12,Eric Bertinat,Eric,Bertinat,UDC,https://ge.ch/grandconseil/gc/depute/12/,https://ge.ch/grandconseil/data/deputes/depute_photo_56c78c1ff8875b3bc3be1b28d300970c.jpg,1956-01-01,Secrétaire général,m,
16,Roberto Broggini,Roberto,Broggini,Ve,https://ge.ch/grandconseil/gc/depute/16/,https://ge.ch/grandconseil/data/deputes/depute_photo_f9d6b9373eed755da4479e633ed75ad0.jpg,1963-01-01,Marchand de cycles,m,
13,Antoine Bertschy,Antoine,Bertschy,UDC,https://ge.ch/grandconseil/gc/depute/13/,https://ge.ch/grandconseil/data/deputes/depute_photo_b19a83e900fa83f44daa6d82495f5aaf.jpg,1970-01-01,Secrétaire,m,
133,Philippe Joye,Philippe,Joye,MCG,https://ge.ch/grandconseil/gc/depute/133/,https://ge.ch/grandconseil/data/deputes/depute_photo_f6bf1fb044d39189b6a85163938dcb68.jpg,1941-01-01,Architecte conseil,m,
100,Hugo Zbinden,Hugo,Zbinden,Ve,https://ge.ch/grandconseil/gc/depute/100/,https://ge.ch/grandconseil/data/deputes/depute_photo_7ab972677a5d1d62763a318c2d0fe8fd.jpg,1961-01-01,Maître d’Enseignement et de Recherche Université de Genève,m,
131,Béatrice Hirsch,Béatrice,Hirsch,PDC,https://ge.ch/grandconseil/gc/depute/131/,https://ge.ch/grandconseil/data/deputes/depute_photo_49305c6e56ccf97762567fe1b0d5e47e.jpg,1963-01-01,Infirmière,f,
113,Didier Bonny,Didier,Bonny,Ve,https://ge.ch/grandconseil/gc/depute/113/,https://ge.ch/grandconseil/data/deputes/depute_photo_963f495973e0b04595c3e3a6fd4cd433.jpg,1964-01-01,"Intervenant au Point Rencontre, Fondation officielle de la jeunesse (FOJ)",m,
107,Luc Barthassat,Luc,Barthassat,PDC,https://ge.ch/grandconseil/gc/depute/107/,https://ge.ch/grandconseil/data/deputes/depute_photo_fc9bb9b32a41a305a869f75a4fb1399e.jpg,1960-01-01,Agriculteur - Viticulteur - Paysagiste / Conseiller national,m,
10,Christian Bavarel,Christian,Bavarel,Ve,https://ge.ch/grandconseil/gc/depute/10/,https://ge.ch/grandconseil/data/deputes/depute_photo_a8f719f7435c1c0b3a80045c151570d5.jpg,1968-01-01,Chef de projet nature en ville,m,
1,Céline Amaudruz,Céline,Amaudruz,UDC,https://ge.ch/grandconseil/gc/depute/1/,https://ge.ch/grandconseil/data/deputes/depute_photo_30e54c58d505341ae749032382a5f9c5.jpg,1979-01-01,"Gestionnaire de fortune, UBS SA",f,
96,Jean-Marie Voumard,Jean-Marie,Voumard,MCG,https://ge.ch/grandconseil/gc/depute/96/,https://ge.ch/grandconseil/data/deputes/depute_photo_16bc2527ec93720c75f67c02d1e4b903.jpg,1963-01-01,Retraité,m,Député
69,Guy Mettan,Guy,Mettan,UDC,https://ge.ch/grandconseil/gc/depute/69/,https://ge.ch/grandconseil/data/deputes/depute_photo_732a3c977d2d3c4f88dc2fa82998f69a.jpg,1956-01-01,Journaliste,m,Député
56,Christo Ivanov,Christo,Ivanov,UDC,https://ge.ch/grandconseil/gc/depute/56/,https://ge.ch/grandconseil/data/deputes/depute_photo_dc69c4eda836cb6b574ca1f6884924bd.jpg,1959-01-01,Chef d’entreprise (indépendant),m,Député
57,Jacques Jeannerat,Jacques,Jeannerat,LJS,https://ge.ch/grandconseil/gc/depute/57/,https://ge.ch/grandconseil/data/deputes/depute_photo_f92bc72cb5550acc004c22bf354b3553.jpg,1958-01-01,Retraité,m,Député
564,Alberto Velasco,Alberto,Velasco,S,https://ge.ch/grandconseil/gc/depute/564/,https://ge.ch/grandconseil/data/deputes/depute_photo_28eab79ec1989a4c30c50c4373690a06.jpg,1947-01-01,"Ingénieur, Retraité",m,Député
551,Charles Poncet,Charles,Poncet,Ind,https://ge.ch/grandconseil/gc/depute/551/,https://ge.ch/grandconseil/data/deputes/depute_photo_6f7523d94c90afde043c930e0507d4c9.jpg,1946-01-01,"Avocat, Poncet Sàrl",m,Député
460,Yves Nidegger,Yves,Nidegger,UDC,https://ge.ch/grandconseil/gc/depute/460/,https://ge.ch/grandconseil/data/deputes/depute_photo_9e0f96e3fb5ea37e2c64de8a59363f41.jpg,1957-01-01,Avocat,m,Député
38,Stéphane Florey,Stéphane,Florey,UDC,https://ge.ch/grandconseil/gc/depute/38/,https://ge.ch/grandconseil/data/deputes/depute_photo_7aae6810c17db97b9cfef49149f3cefc.jpg,1970-01-01,"Conducteur aux TPG, Transports publics genevois",m,Député
35,Marc Falquet,Marc,Falquet,UDC,https://ge.ch/grandconseil/gc/depute/35/,https://ge.ch/grandconseil/data/deputes/depute_photo_f764c9684f6d5194410fb480f452ccd5.jpg,1960-01-01,sans,m,Député
2555,Anne Carron,Anne,Carron,LC,https://ge.ch/grandconseil/gc/depute/2555/,https://ge.ch/grandconseil/data/deputes/depute_photo_8e75120d46bc6d0e7b5b8bf6b8ce4c2a.jpg,1965-01-01,Politologue,f,Députée suppléante
2554,Stéphane Fontaine,Stéphane,Fontaine,MCG,https://ge.ch/grandconseil/gc/depute/2554/,https://ge.ch/grandconseil/data/deputes/depute_photo_1de431b99b33b40d54be0dfa31e80dce.jpg,1976-01-01,Chauffeur TPG,m,Député suppléant
2551,Gabrielle Le Goff,Gabrielle,Le Goff,MCG,https://ge.ch/grandconseil/gc/depute/2551/,https://ge.ch/grandconseil/data/deputes/depute_photo_ba0c7195fbaf3eccb5f36be678bed25e.jpg,1976-01-01,Chauffeur de Taxi,f,Députée suppléante
2552,Christine Jeanneret,Christine,Jeanneret,LJS,https://ge.ch/grandconseil/gc/depute/2552/,https://ge.ch/grandconseil/data/deputes/depute_photo_c97983f25afa5c59d459d0f9aed69954.jpg,1982-01-01,Foraine,f,Députée suppléante
2550,Christian Steiner,Christian,Steiner,MCG,https://ge.ch/grandconseil/gc/depute/2550/,https://ge.ch/grandconseil/data/deputes/depute_photo_4fd41d9e7eb3bda15c1502833f1ced39.jpg,1957-01-01,Retraité,m,Député
2547,Thomas Bruchez,Thomas,Bruchez,S,https://ge.ch/grandconseil/gc/depute/2547/,https://ge.ch/grandconseil/data/deputes/depute_photo_bf9dd1833bf7c80504c1bde04d84c7bd.jpg,1998-01-01,"Etudiant en droit et coursier à vélo, Factotum",m,Député suppléant
2548,Philippe Meyer,Philippe,Meyer,PLR,https://ge.ch/grandconseil/gc/depute/2548/,https://ge.ch/grandconseil/data/deputes/depute_photo_c5e78b10561ba7f220ab4f7a2e3e131b.jpg,1972-01-01,"Responsable de département, PRO",m,Député suppléant
2545,Oriana Brücker,Oriana,Brücker,S,https://ge.ch/grandconseil/gc/depute/2545/,https://ge.ch/grandconseil/data/deputes/depute_photo_0177854bc73817054394dc9ef7d21442.jpg,1974-01-01,"Philosophe-éthicienne, Maître d’enseignement HES, HETSL (Haute école de travail social et de la santé de Lausanne)",f,Députée suppléante
2543,Francisco Taboada,Francisco,Taboada,LJS,https://ge.ch/grandconseil/gc/depute/2543/,https://ge.ch/grandconseil/data/deputes/depute_photo_7830bdfdae75fde7580c374ead7dcdbc.jpg,1976-01-01,"Athlète paralympique, -",m,Député
2542,Sami Gashi,Sami,Gashi,MCG,https://ge.ch/grandconseil/gc/depute/2542/,https://ge.ch/grandconseil/data/deputes/depute_photo_b1474e301000bba9124c5b1709cf4fee.jpg,1959-01-01,Consultant,m,Député
2544,Darius Azarpey,Darius,Azarpey,PLR,https://ge.ch/grandconseil/gc/depute/2544/,https://ge.ch/grandconseil/data/deputes/depute_photo_9ca6f0e20368aedcf6bbcfe50251ad12.jpg,1993-01-01,"Chef de projet en ressources humaines, Migros Genève",m,Député suppléant
2539,Daniel Noël,Daniel,Noël,UDC,https://ge.ch/grandconseil/gc/depute/2539/,https://ge.ch/grandconseil/data/deputes/depute_photo_b24d394ca78777b43b9e20bf8380a256.jpg,1958-01-01,Electricien,m,Député suppléant
2538,Thierry Arn,Thierry,Arn,LC,https://ge.ch/grandconseil/gc/depute/2538/,https://ge.ch/grandconseil/data/deputes/depute_photo_2a686f2ce58b3a3d40c48ab34b3f5896.jpg,1985-01-01,"Inspecteur de police judiciaire, Etat de Genève",m,Député
2537,Sebastian Aeschbach,Sebastian,Aeschbach,PLR,https://ge.ch/grandconseil/gc/depute/2537/,https://ge.ch/grandconseil/data/deputes/depute_photo_dad08b94924c4e0eca7762e5f68a736d.jpg,1979-01-01,"Entrepreneur, Naturalex et LMS Partners",m,Député suppléant
2540,Céline Bartolomucci,Céline,Bartolomucci,Ve,https://ge.ch/grandconseil/gc/depute/2540/,https://ge.ch/grandconseil/data/deputes/depute_photo_81751d81b0b24a289cf1c07f55cfa3e7.jpg,1980-01-01,"Cheffe de projet en environnement, Ville de Nyon",f,Députée suppléante
2535,Léo Peterschmitt,Léo,Peterschmitt,Ve,https://ge.ch/grandconseil/gc/depute/2535/,https://ge.ch/grandconseil/data/deputes/depute_photo_ff3cb5bc761fc0fe5328401f24454b1b.jpg,1997-01-01,Etudiant en médecine,m,Député
2534,Julien Ramu,Julien,Ramu,UDC,https://ge.ch/grandconseil/gc/depute/2534/,https://ge.ch/grandconseil/data/deputes/depute_photo_2c761f2c1e06f8808d0c9f46f450c452.jpg,1978-01-01,Vigneron,m,Député
2533,Angèle-Marie Habiyakare,Angèle-Marie,Habiyakare,Ve,https://ge.ch/grandconseil/gc/depute/2533/,https://ge.ch/grandconseil/data/deputes/depute_photo_a42147f729e5cee96bc61a27d64d134a.jpg,2001-01-01,Etudiante en bachelor physique (UNIGE),f,Députée
2536,Matthieu Jotterand,Matthieu,Jotterand,S,https://ge.ch/grandconseil/gc/depute/2536/,https://ge.ch/grandconseil/data/deputes/depute_photo_be97ddeaed8709f5e5a8970334301f73.jpg,1991-01-01,"Mécanicien de locomotive, CFF",m,Député
2531,Cédric Jeanneret,Cédric,Jeanneret,Ve,https://ge.ch/grandconseil/gc/depute/2531/,https://ge.ch/grandconseil/data/deputes/depute_photo_9e3a164707c92afefac91c374b49c047.jpg,1967-01-01,"Expert économie énergie, SIG",m,Député
2529,Michael Andersen,Michael,Andersen,UDC,https://ge.ch/grandconseil/gc/depute/2529/,https://ge.ch/grandconseil/data/deputes/depute_photo_ccbf74f943a1836bcf7d50df01b42f97.jpg,1991-01-01,"Conseiller en fiscalité, Deloitte",m,Député
2527,Leonard Ferati,Leonard,Ferati,S,https://ge.ch/grandconseil/gc/depute/2527/,https://ge.ch/grandconseil/data/deputes/depute_photo_084ef4b104b2e0d17a2ea42174eb4612.jpg,1994-01-01,"Directeur adjoint de structure éducative, Fondation Officielle de la jeunesse",m,Député
2525,Julien Nicolet-dit-Félix,Julien,Nicolet-dit-Félix,Ve,https://ge.ch/grandconseil/gc/depute/2525/,https://ge.ch/grandconseil/data/deputes/depute_photo_fe788bd75b6376449896723aeeac020c.jpg,1974-01-01,"Enseignant secondaire, DIP Etat de Genève",m,Député
2528,Florian Dugerdil,Florian,Dugerdil,UDC,https://ge.ch/grandconseil/gc/depute/2528/,https://ge.ch/grandconseil/data/deputes/depute_photo_1283c3aaf0cf95b5905c9cae72743f10.jpg,1983-01-01,"Responsable d’agence bancaire et agriculteur, Banque Raiffeisen Région Genève Rhône",m,Député
2526,Djawed Sangdel,Djawed,Sangdel,LJS,https://ge.ch/grandconseil/gc/depute/2526/,https://ge.ch/grandconseil/data/deputes/depute_photo_70122df9ff829a696053354ae247cad5.jpg,1979-01-01,"Professeur et directeur d’université, Swiss UMEF University of Applied Sciences Institute",m,Député
2523,Lionel Dugerdil,Lionel,Dugerdil,UDC,https://ge.ch/grandconseil/gc/depute/2523/,https://ge.ch/grandconseil/data/deputes/depute_photo_c1376637d908be2cd8c5c1eeb5163fc4.jpg,1981-01-01,"Vigneron-encaveur, Agriculteur",m,Député
2521,Sophie Bobillier,Sophie,Bobillier,Ve,https://ge.ch/grandconseil/gc/depute/2521/,https://ge.ch/grandconseil/data/deputes/depute_photo_8e80a2c4bf02b74d0a8ced407cda1791.jpg,1990-01-01,Avocate,f,Députée
2524,Louise Trottet,Louise,Trottet,Ve,https://ge.ch/grandconseil/gc/depute/2524/,https://ge.ch/grandconseil/data/deputes/depute_photo_7c78893618d3082f3979f3f55e2a7726.jpg,1993-01-01,"Médecin, Clinique et permanence d’Onex",f,Députée
2522,Raphaël Dunand,Raphaël,Dunand,LJS,https://ge.ch/grandconseil/gc/depute/2522/,https://ge.ch/grandconseil/data/deputes/depute_photo_6cc04578b1eb414a12e64dcfabc5b6f8.jpg,1983-01-01,Viticulteur,m,Député
2519,Sophie Demaurex,Sophie,Demaurex,S,https://ge.ch/grandconseil/gc/depute/2519/,https://ge.ch/grandconseil/data/deputes/depute_photo_d2aa31af937bdf14d1b46b3c8eff5e7b.jpg,1968-01-01,"Directrice institution de la petite enfance & Sage-femme, Groupement intercommunal AFJ Rhône-Sud",f,Députée
2520,Laura Mach,Laura,Mach,Ve,https://ge.ch/grandconseil/gc/depute/2520/,https://ge.ch/grandconseil/data/deputes/depute_photo_c72a2340a607beb10a5b8a0ece747217.jpg,1968-01-01,Pédopsychiatre en cabinet privé,f,Députée
2518,Lara Atassi,Lara,Atassi,Ve,https://ge.ch/grandconseil/gc/depute/2518/,https://ge.ch/grandconseil/data/deputes/depute_photo_b3e7111beb832e38a729a636cae3b96e.jpg,1998-01-01,Etudiante (UNIGE),f,Députée
2517,Stefan Balaban,Stefan,Balaban,LJS,https://ge.ch/grandconseil/gc/depute/2517/,https://ge.ch/grandconseil/data/deputes/depute_photo_0741bb2d980b5308b63fb5158880590d.jpg,1994-01-01,"Fiduciaire, Fiduciaire HelvExpert SA",m,Député
2515,Geoffray Sirolli,Geoffray,Sirolli,PLR,https://ge.ch/grandconseil/gc/depute/2515/,https://ge.ch/grandconseil/data/deputes/depute_photo_aabbf06eae03dba9ceaea7effed49115.jpg,1990-01-01,Agriculteur-Maraîcher,m,Député
2516,Vincent Canonica,Vincent,Canonica,LJS,https://ge.ch/grandconseil/gc/depute/2516/,https://ge.ch/grandconseil/data/deputes/depute_photo_72b26f50652eb83c14e5d0a234717b2c.jpg,1972-01-01,"Chef d’entreprise, Canonica SA",m,Député
2514,Laurent Seydoux,Laurent,Seydoux,LJS,https://ge.ch/grandconseil/gc/depute/2514/,https://ge.ch/grandconseil/data/deputes/depute_photo_6d64cc2af0e4d461013e92f68ba9991e.jpg,1967-01-01,"Directeur, LYSOFT SA",m,Député
2513,Masha Alimi,Masha,Alimi,LJS,https://ge.ch/grandconseil/gc/depute/2513/,https://ge.ch/grandconseil/data/deputes/depute_photo_0c0d5e8346972696b7fab4ce72956224.jpg,1962-01-01,,f,Députée
2510,Skender Salihi,Skender,Salihi,MCG,https://ge.ch/grandconseil/gc/depute/2510/,https://ge.ch/grandconseil/data/deputes/depute_photo_86b294ff1cebb0e2d51c11caae91589f.jpg,1988-01-01,Policier. Etat de Genève,m,Député
2509,Jacklean Kalibala,Jacklean,Kalibala,S,https://ge.ch/grandconseil/gc/depute/2509/,https://ge.ch/grandconseil/data/deputes/depute_photo_9d97577ee853852711acd1b665f220c0.jpg,1986-01-01,Médecin,f,Députée
2508,François Erard,François,Erard,LC,https://ge.ch/grandconseil/gc/depute/2508/,https://ge.ch/grandconseil/data/deputes/depute_photo_2b4b60e0dc399e1c9b323a3e74f3be1d.jpg,1959-01-01,Retraité,m,Député
2512,Arber Jahija,Arber,Jahija,MCG,https://ge.ch/grandconseil/gc/depute/2512/,https://ge.ch/grandconseil/data/deputes/depute_photo_9eff3bcfdd1cd1f20f916ecee6805c84.jpg,1990-01-01,"Employé administratif, Etat de Genève (Police)",m,Député
2505,Emilie Fernandez,Emilie,Fernandez,Ve,https://ge.ch/grandconseil/gc/depute/2505/,https://ge.ch/grandconseil/data/deputes/depute_photo_3bfc9c67ed5a5d9d42ebef3596dcc638.jpg,1980-01-01,"Co-directrice, Association Matériuum",f,Députée
2504,Celine van Till,Celine,van Till,PLR,https://ge.ch/grandconseil/gc/depute/2504/,https://ge.ch/grandconseil/data/deputes/depute_photo_83fff45b455ffc4f08450963c587a7ac.jpg,1991-01-01,"Directrice, Lead 2 Progress SA",f,Députée
2507,Jean-Pierre Tombola,Jean-Pierre,Tombola,S,https://ge.ch/grandconseil/gc/depute/2507/,https://ge.ch/grandconseil/data/deputes/depute_photo_9d838b2b33b2d42fa165b693cd29a512.jpg,1965-01-01,"Adjoint administratif, Etat de Genève",m,Député
2500,Alia Chaker Mangeat,Alia,Chaker Mangeat,LC,https://ge.ch/grandconseil/gc/depute/2500/,https://ge.ch/grandconseil/data/deputes/depute_photo_01ea74af211751f9cb1a57b9391ffbc7.jpg,1968-01-01,Avocate fiscaliste,f,Députée
2503,Marc Saudan,Marc,Saudan,LJS,https://ge.ch/grandconseil/gc/depute/2503/,https://ge.ch/grandconseil/data/deputes/depute_photo_2439bdaced33de16eb7a042c176d9cf4.jpg,1966-01-01,Médecin,m,Député
2498,Rémy Burri,Rémy,Burri,PLR,https://ge.ch/grandconseil/gc/depute/2498/,https://ge.ch/grandconseil/data/deputes/depute_photo_4ecc0d5ef802976d386bfab968325f7a.jpg,1962-01-01,"Directeur, GCT Sàrl",m,Député suppléant
2491,Gabriela Sonderegger,Gabriela,Sonderegger,MCG,https://ge.ch/grandconseil/gc/depute/2491/,https://ge.ch/grandconseil/data/deputes/depute_photo_095821eb81d92f0ec22a8b1896597bc9.jpg,1961-01-01,"Cadre transport aérien, Swissport",f,Députée
2476,Virna Conti,Virna,Conti,UDC,https://ge.ch/grandconseil/gc/depute/2476/,https://ge.ch/grandconseil/data/deputes/depute_photo_52a255d3b7aeff7a32383e24f02ae971.jpg,1995-01-01,"Stagiaire-notaire, Etude de Me Alexandre Balser",f,Députée
2475,Dilara Bayrak,Dilara,Bayrak,Ve,https://ge.ch/grandconseil/gc/depute/2475/,https://ge.ch/grandconseil/data/deputes/depute_photo_94b7d264cf9b0a546537e9d33a3c6468.jpg,1997-01-01,"Avocate, Odier Halpérin & Associés Sàrl",f,Députée
2473,Sébastien Desfayes,Sébastien,Desfayes,LC,https://ge.ch/grandconseil/gc/depute/2473/,https://ge.ch/grandconseil/data/deputes/depute_photo_455f4713caf81674240fa2179de6e5f5.jpg,1971-01-01,"Avocat, de Boccard Associés SA",m,Député
2471,Joëlle Fiss,Joëlle,Fiss,PLR,https://ge.ch/grandconseil/gc/depute/2471/,https://ge.ch/grandconseil/data/deputes/depute_photo_9230611c607b92da7c671d6bb25e8b24.jpg,1975-01-01,Analyste des droits de l’Homme aux organisations internationales,f,Députée
2464,Souheil Sayegh,Souheil,Sayegh,LC,https://ge.ch/grandconseil/gc/depute/2464/,https://ge.ch/grandconseil/data/deputes/depute_photo_2677e81c4799e68d28fdf6d44cb3dd1c.jpg,1972-01-01,Médecin du sport,m,Député
2465,Vincent Subilia,Vincent,Subilia,PLR,https://ge.ch/grandconseil/gc/depute/2465/,https://ge.ch/grandconseil/data/deputes/depute_photo_1612ef633ccb76118b545fc53fa19cce.jpg,1975-01-01,"Directeur général, Chambre de commerce, d’industrie et des services de Genève",m,Député
2463,Xhevrie Osmani,Xhevrie,Osmani,S,https://ge.ch/grandconseil/gc/depute/2463/,https://ge.ch/grandconseil/data/deputes/depute_photo_5dd5ec1475fbda418fe1e935fa7f7009.jpg,1992-01-01,,f,Députée
2459,Diego Esteban,Diego,Esteban,S,https://ge.ch/grandconseil/gc/depute/2459/,https://ge.ch/grandconseil/data/deputes/depute_photo_3e40b395e7c04e1d4246eef04f3840bb.jpg,1993-01-01,"Coordinateur, ATE - Genève",m,Député
2461,Natacha Buffet-Desfayes,Natacha,Buffet-Desfayes,PLR,https://ge.ch/grandconseil/gc/depute/2461/,https://ge.ch/grandconseil/data/deputes/depute_photo_0f0ef91486f9e48cc8959a930f24664c.jpg,1982-01-01,"Enseignante, DIP",f,Députée
2453,François Wolfisberg,François,Wolfisberg,PLR,https://ge.ch/grandconseil/gc/depute/2453/,https://ge.ch/grandconseil/data/deputes/depute_photo_a79aa926755d4e6bc57dbb572ee97a13.jpg,1962-01-01,"Chef d’entreprise, Boulangerie WOLFISBERG SA",m,Député
2451,Fabienne Monbaron,Fabienne,Monbaron,PLR,https://ge.ch/grandconseil/gc/depute/2451/,https://ge.ch/grandconseil/data/deputes/depute_photo_e92fb46c45f4cc94a640f8dfb39ead2c.jpg,1970-01-01,"Conseillère administrative, Mairie de Plan-les-Ouates",f,Députée
2448,Jennifer Conti,Jennifer,Conti,S,https://ge.ch/grandconseil/gc/depute/2448/,https://ge.ch/grandconseil/data/deputes/depute_photo_62ea60c46ec803006ad543a6193e178f.jpg,1984-01-01,"Responsable qualité, Réalise",f,Députée
2449,Grégoire Carasso,Grégoire,Carasso,S,https://ge.ch/grandconseil/gc/depute/2449/,https://ge.ch/grandconseil/data/deputes/depute_photo_44da8714b24acfcb89c0c09f491f9556.jpg,1980-01-01,"Codirecteur, Cafés Carasso / Chargé de cours, Université de Genève",m,Député
2447,Diane Barbier-Mueller,Diane,Barbier-Mueller,PLR,https://ge.ch/grandconseil/gc/depute/2447/,https://ge.ch/grandconseil/data/deputes/depute_photo_67258649218e146670083c240bafefbb.jpg,1990-01-01,"Administratrice d’une régie immobilière, Pilet & Renaud",f,Députée
2443,Francine de Planta,Francine,de Planta,PLR,https://ge.ch/grandconseil/gc/depute/2443/,https://ge.ch/grandconseil/data/deputes/depute_photo_c512c9e9f1a84736841e97a3efe556bc.jpg,1963-01-01,"Assistante personnelle Senior, Pictet et Cie, Genève",f,Députée
2444,Léna Strasser,Léna,Strasser,S,https://ge.ch/grandconseil/gc/depute/2444/,https://ge.ch/grandconseil/data/deputes/depute_photo_72c1d072ba7d7a94d94821694b9cad87.jpg,1979-01-01,"Répondante dispositif intégration (CDD), OFPC",f,Députée
2441,Jacques Blondin,Jacques,Blondin,LC,https://ge.ch/grandconseil/gc/depute/2441/,https://ge.ch/grandconseil/data/deputes/depute_photo_eaa3d6ff71a79d6839abc3bcf576d1f2.jpg,1952-01-01,,m,Député
2436,Marjorie de Chastonay,Marjorie,de Chastonay,Ve,https://ge.ch/grandconseil/gc/depute/2436/,https://ge.ch/grandconseil/data/deputes/depute_photo_f1eec40fdb8b66e29b433af9a8ed343a.jpg,1975-01-01,"Enseignante, DIP",f,Députée
2433,Rolin Wavre,Rolin,Wavre,PLR,https://ge.ch/grandconseil/gc/depute/2433/,https://ge.ch/grandconseil/data/deputes/depute_photo_b1611cac70ef4e93ba37942c323dcd78.jpg,1963-01-01,Administrateur PME - Enseignant,m,Député
2430,Patricia Bidaux,Patricia,Bidaux,LC,https://ge.ch/grandconseil/gc/depute/2430/,https://ge.ch/grandconseil/data/deputes/depute_photo_328d9af727c56d354edff75249025eb1.jpg,1963-01-01,Paysanne,f,Députée
2428,Sylvain Thévoz,Sylvain,Thévoz,S,https://ge.ch/grandconseil/gc/depute/2428/,https://ge.ch/grandconseil/data/deputes/depute_photo_c915fff739d3fae778744790fbea1271.jpg,1974-01-01,"Travailleur social, Ville de Genève",m,Député
2427,David Martin,David,Martin,Ve,https://ge.ch/grandconseil/gc/depute/2427/,https://ge.ch/grandconseil/data/deputes/depute_photo_a5accc3f5a2df4fb65cee79ed15beed6.jpg,1979-01-01,"Ingénieur en environnement, Bureau DAC",m,Député
2425,Adrien Genecand,Adrien,Genecand,PLR,https://ge.ch/grandconseil/gc/depute/2425/,https://ge.ch/grandconseil/data/deputes/depute_photo_8d0ee3be516ce3100ca9fbecd2ce131b.jpg,1987-01-01,"Directeur adjoint, Julius Bär",m,Député
2421,Ana Roch,Ana,Roch,MCG,https://ge.ch/grandconseil/gc/depute/2421/,https://ge.ch/grandconseil/data/deputes/depute_photo_4b0bb4f764a09824ce72ab815b9d9f27.jpg,1973-01-01,Administratrice,f,Députée
2413,Yves Magnin,Yves,Magnin,LC,https://ge.ch/grandconseil/gc/depute/2413/,https://ge.ch/grandconseil/data/deputes/depute_photo_61c043484e6d0d6e91882af10112981d.jpg,1960-01-01,Avocat,m,Député suppléant
2411,Céline Zuber-Roy,Céline,Zuber-Roy,PLR,https://ge.ch/grandconseil/gc/depute/2411/,https://ge.ch/grandconseil/data/deputes/depute_photo_d81e3c8f2265d73501ec9d614654b05a.jpg,1983-01-01,"Enseignante en droit au secondaire II, DIP",f,Députée
2401,Alexandre de Senarclens,Alexandre,de Senarclens,PLR,https://ge.ch/grandconseil/gc/depute/2401/,https://ge.ch/grandconseil/data/deputes/depute_photo_176ff4d9485976c9608fa2b49f7b283a.jpg,1975-01-01,Avocat,m,Député
24,Pierre Conne,Pierre,Conne,PLR,https://ge.ch/grandconseil/gc/depute/24/,https://ge.ch/grandconseil/data/deputes/depute_photo_328af932f4637992c9b4dbc9d3695a3f.jpg,1952-01-01,"Médecin, Foyer-Handicap",m,Député
2399,Patrick Dimier,Patrick,Dimier,MCG,https://ge.ch/grandconseil/gc/depute/2399/,https://ge.ch/grandconseil/data/deputes/depute_photo_8026a508df3cdbcb5500d3b424018c97.jpg,1950-01-01,Arbitre - Médiateur,m,Député
2392,André Pfeffer,André,Pfeffer,UDC,https://ge.ch/grandconseil/gc/depute/2392/,https://ge.ch/grandconseil/data/deputes/depute_photo_371c81eb9da7930b55dfe016e7589a6a.jpg,1956-01-01,"Retraité, gestionnaire d’une PME",m,Député
2388,Nicole Valiquer Grecuccio,Nicole,Valiquer Grecuccio,S,https://ge.ch/grandconseil/gc/depute/2388/,https://ge.ch/grandconseil/data/deputes/depute_photo_e623b174c0172021e4ee6574c7a8a719.jpg,1960-01-01,"Coordinatrice patrimoine, lieux culturels et territoire, Département du territoire, Etat de Genève",f,Députée suppléante
2380,Danièle Magnin,Danièle,Magnin,MCG,https://ge.ch/grandconseil/gc/depute/2380/,https://ge.ch/grandconseil/data/deputes/depute_photo_f10af1ec2ca950cf024b25b8f6e5ac94.jpg,1952-01-01,Avocate,f,Députée
2382,Christian Flury,Christian,Flury,MCG,https://ge.ch/grandconseil/gc/depute/2382/,https://ge.ch/grandconseil/data/deputes/depute_photo_45b4f1ae3bf673e58bdd313903df397f.jpg,1958-01-01,Retraité,m,Député
2375,François Baertschi,François,Baertschi,MCG,https://ge.ch/grandconseil/gc/depute/2375/,https://ge.ch/grandconseil/data/deputes/depute_photo_2877aaf30f9ecd8020c675c3299e224c.jpg,1960-01-01,"Président du MCG, -",m,Député
2352,Romain de Sainte Marie,Romain,de Sainte Marie,S,https://ge.ch/grandconseil/gc/depute/2352/,https://ge.ch/grandconseil/data/deputes/depute_photo_230074da334470af5ba2efccf9472c9d.jpg,1985-01-01,"Chef de service, Université de Genève",m,Député
2353,Caroline Marti,Caroline,Marti,S,https://ge.ch/grandconseil/gc/depute/2353/,https://ge.ch/grandconseil/data/deputes/depute_photo_d6b8060d997ab7304404d549d84b7f44.jpg,1989-01-01,"Secrétaire générale, Groupement des coopératives d’habitation genevoises",f,Députée
2350,Jean-Charles Rielle,Jean-Charles,Rielle,S,https://ge.ch/grandconseil/gc/depute/2350/,https://ge.ch/grandconseil/data/deputes/depute_photo_689eb3886a279000bf1d8e9adf02d11f.jpg,1952-01-01,"Médecin, Retraité",m,Député
2344,Yves de Matteis,Yves,de Matteis,Ve,https://ge.ch/grandconseil/gc/depute/2344/,https://ge.ch/grandconseil/data/deputes/depute_photo_7d313140980f806ff73d35fcf42773c3.jpg,1964-01-01,"Fonctionnaire, Etat de Genève",m,Député
2338,Alexis Barbey,Alexis,Barbey,PLR,https://ge.ch/grandconseil/gc/depute/2338/,https://ge.ch/grandconseil/data/deputes/depute_photo_c0104b675f610efe3ffbd0bd59c65a28.jpg,1960-01-01,"Conseiller en affaires publiques, CAP - Conseil en affaires publiques",m,Député
21,Thierry Cerutti,Thierry,Cerutti,MCG,https://ge.ch/grandconseil/gc/depute/21/,https://ge.ch/grandconseil/data/deputes/depute_photo_b2b97a54655d7ea0362751ec87535500.jpg,1970-01-01,"Administrateur - Fonctionnaire, Etat de Genève",m,Député
76,Sandro Pistis,Sandro,Pistis,MCG,https://ge.ch/grandconseil/gc/depute/76/,https://ge.ch/grandconseil/data/deputes/depute_photo_008e9f88f6e2061e49cdda856712837f.jpg,1972-01-01,"Gendarme, Etat de Genève",m,Député
68,Christina Meissner,Christina,Meissner,LC,https://ge.ch/grandconseil/gc/depute/68/,https://ge.ch/grandconseil/data/deputes/depute_photo_f09ca4ed37035a6ba48d8c0484ac71c1.jpg,1959-01-01,"Responsable d’un centre de soins pour animaux, retraitée",f,Députée
65,Patrick Lussi,Patrick,Lussi,UDC,https://ge.ch/grandconseil/gc/depute/65/,https://ge.ch/grandconseil/data/deputes/depute_photo_2e2624efde1e08f4b5d7b236a2995905.jpg,1950-01-01,Retraité,m,Député suppléant
36,Jean-Louis Fazio,Jean-Louis,Fazio,LJS,https://ge.ch/grandconseil/gc/depute/36/,https://ge.ch/grandconseil/data/deputes/depute_photo_53af612cf0b3fd1483d4f7926d09afc8.jpg,1972-01-01,Artisan menuisier,m,Député
2553,Frédéric Saenger,Frédéric,Saenger,LJS,https://ge.ch/grandconseil/gc/depute/2553/,https://ge.ch/grandconseil/data/deputes/depute_photo_82862ed4500d624a1b3999c958683a1c.jpg,1974-01-01,"Ex-directeur de librairie, Consultant",m,Député suppléant
2549,Amar Madani,Amar,Madani,MCG,https://ge.ch/grandconseil/gc/depute/2549/,https://ge.ch/grandconseil/data/deputes/depute_photo_12874d3042a97824b15a0d5f1e00f101.jpg,1962-01-01,Gestionnaire à la poste,m,Député
2541,Thierry Oppikofer,Thierry,Oppikofer,PLR,https://ge.ch/grandconseil/gc/depute/2541/,https://ge.ch/grandconseil/data/deputes/depute_photo_541a20dd6e942d1865e5250685199bf2.jpg,1957-01-01,"Directeur de journal, Journal de l’Immobilier/Phoenix Communication SA",m,Député
2530,Caroline Renold,Caroline,Renold,S,https://ge.ch/grandconseil/gc/depute/2530/,https://ge.ch/grandconseil/data/deputes/depute_photo_6917c30e04f36561257831f5167ff116.jpg,1987-01-01,"Juriste, ASLOCA Genève et Avocate indépendante, ZLB & Associés",f,Députée
2490,Philippe de Rougemont,Philippe,de Rougemont,Ve,https://ge.ch/grandconseil/gc/depute/2490/,https://ge.ch/grandconseil/data/deputes/depute_photo_5efcb08fcd4a8ab04b811362b08980fd.jpg,1967-01-01,"Ecologiste, Sortir du nucléaire, Noé21",m,Député
2478,Jean-Pierre Pasquier,Jean-Pierre,Pasquier,PLR,https://ge.ch/grandconseil/gc/depute/2478/,https://ge.ch/grandconseil/data/deputes/depute_photo_74637d86ff0abafce6076e2645d2e848.jpg,1964-01-01,"Sous-directeur, Rolex SA",m,Député
2440,Pierre Eckert,Pierre,Eckert,Ve,https://ge.ch/grandconseil/gc/depute/2440/,https://ge.ch/grandconseil/data/deputes/depute_photo_c603544eff5b81adb3ce8bc2f49b3682.jpg,1952-01-01,"Député, -",m,Député
2437,Véronique Kämpfen,Véronique,Kämpfen,PLR,https://ge.ch/grandconseil/gc/depute/2437/,https://ge.ch/grandconseil/data/deputes/depute_photo_99785495a13727ecb361cbf710aa984b.jpg,1972-01-01,"Directrice communication, FER Genève",f,Députée
2424,Pierre Nicollier,Pierre,Nicollier,PLR,https://ge.ch/grandconseil/gc/depute/2424/,https://ge.ch/grandconseil/data/deputes/depute_photo_e7665d90ceed13c286a07d27fefe9882.jpg,1977-01-01,"Directeur, Réseau Santé Romand SA; Consultant, Nicollier Conseil",m,Député
2418,Uzma Khamis Vannini,Uzma,Khamis Vannini,Ve,https://ge.ch/grandconseil/gc/depute/2418/,https://ge.ch/grandconseil/data/deputes/depute_photo_a369c302ea0bb0d3a62ba8b33ed866ce.jpg,1968-01-01,Avocate et médiatrice,f,Députée suppléante
2415,Pascal Uehlinger,Pascal,Uehlinger,PLR,https://ge.ch/grandconseil/gc/depute/2415/,https://ge.ch/grandconseil/data/deputes/depute_photo_7afbe8065d720e9c8365f1d9f9214732.jpg,1971-01-01,"Conseiller en assurances, Mobilière Suisse, Agence générale Genève D. Hostettler - Conseiller administratif, Thônex",m,Député
2383,Jean-Marc Guinchard,Jean-Marc,Guinchard,LC,https://ge.ch/grandconseil/gc/depute/2383/,https://ge.ch/grandconseil/data/deputes/depute_photo_456ef44a98d9a53e536f59b62f756279.jpg,1954-01-01,Consultant,m,Député
2361,Murat-Julian Alder,Murat-Julian,Alder,PLR,https://ge.ch/grandconseil/gc/depute/2361/,https://ge.ch/grandconseil/data/deputes/depute_photo_fdbc7966862bb9d0fc9b5fd829f608e6.jpg,1981-01-01,"Avocat, Yersin Lorenzi Latapie Alder (associé)",m,Député
2355,Cyril Mizrahi,Cyril,Mizrahi,S,https://ge.ch/grandconseil/gc/depute/2355/,https://ge.ch/grandconseil/data/deputes/depute_photo_e4cad2fb9a8f4cb7be000557049287df.jpg,1979-01-01,"Secrétaire général, FéGAPH - Avocat",m,Député
2354,Thomas Wenger,Thomas,Wenger,S,https://ge.ch/grandconseil/gc/depute/2354/,https://ge.ch/grandconseil/data/deputes/depute_photo_ba5d978bdedd85e9bda9ffd5c41762e1.jpg,1977-01-01,"Attaché de direction, Ville de Genève",m,Député
2342,Yvan Zweifel,Yvan,Zweifel,PLR,https://ge.ch/grandconseil/gc/depute/2342/,https://ge.ch/grandconseil/data/deputes/depute_photo_a6cf5474fcf41e98e1a23aa9d19d67d1.jpg,1980-01-01,"Expert-comptable, SOFAD SA",m,Député
11,Jacques Béné,Jacques,Béné,PLR,https://ge.ch/grandconseil/gc/depute/11/,https://ge.ch/grandconseil/data/deputes/depute_photo_4d0cfd949b1d9585e053f0a25ca2532d.jpg,1964-01-01,"Economiste, Fédération des Entreprises Romandes, Genève",m,Député
582,Pierre Froidevaux,Pierre,Froidevaux,R,https://ge.ch/grandconseil/gc/depute/582/,https://ge.ch/grandconseil/data/deputes/depute_photo_c3a9e36287485d5af0a57e9b371ab237.jpg,1953-01-01,,m,
573,Laurence Fehlmann Rielle,Laurence,Fehlmann Rielle,S,https://ge.ch/grandconseil/gc/depute/573/,https://ge.ch/grandconseil/data/deputes/depute_photo_f171030620be7be690e79f31e1184e64.jpg,1955-01-01,,f,
574,Mariane Grobet-Wellner,Mariane,Grobet-Wellner,S,https://ge.ch/grandconseil/gc/depute/574/,https://ge.ch/grandconseil/data/deputes/depute_photo_2262f8ffb31c04be917da211e417909e.jpg,1947-01-01,,f,
572,Gabrielle Falquet,Gabrielle,Falquet,S,https://ge.ch/grandconseil/gc/depute/572/,https://ge.ch/grandconseil/data/deputes/depute_photo_309d1fe8b55b31fcf69f051fc21a41e6.jpg,1953-01-01,,f,
570,Virginie Keller,Virginie,Keller,S,https://ge.ch/grandconseil/gc/depute/570/,https://ge.ch/grandconseil/data/deputes/depute_photo_ca47ffa526519be2a6b4894acd137f30.jpg,1963-01-01,,f,
571,Alain Etienne,Alain,Etienne,S,https://ge.ch/grandconseil/gc/depute/571/,https://ge.ch/grandconseil/data/deputes/depute_photo_687b945e8c4f0a5d613aa57dd705a447.jpg,1959-01-01,,m,
566,Françoise Schenk-Gottret,Françoise,Schenk-Gottret,S,https://ge.ch/grandconseil/gc/depute/566/,https://ge.ch/grandconseil/data/deputes/depute_photo_f045ca529811953c03ec0252b3b56031.jpg,1945-01-01,,f,
567,Véronique Pürro,Véronique,Pürro,S,https://ge.ch/grandconseil/gc/depute/567/,https://ge.ch/grandconseil/data/deputes/depute_photo_3aa92c937bbb16034c5cdb6233b088c6.jpg,1966-01-01,,f,
569,François Longchamp,François,Longchamp,PLR,https://ge.ch/grandconseil/gc/depute/569/,https://ge.ch/grandconseil/data/deputes/depute_photo_b876d759a09fc9abf4ca6499fb1a5704.jpg,1963-01-01,,m,
568,Jacques Pagan,Jacques,Pagan,UDC,https://ge.ch/grandconseil/gc/depute/568/,https://ge.ch/grandconseil/data/deputes/depute_photo_716da404d9384387cb3342b7935506f2.jpg,1942-01-01,,m,
558,Olivier Vaucher,Olivier,Vaucher,L,https://ge.ch/grandconseil/gc/depute/558/,https://ge.ch/grandconseil/data/deputes/depute_photo_eeefb9de0fe9021c652fd1ae38956759.jpg,1948-01-01,Entrepreneur,m,
565,François Thion,François,Thion,S,https://ge.ch/grandconseil/gc/depute/565/,https://ge.ch/grandconseil/data/deputes/depute_photo_8d7321d5ec7be461f0bd7f9184ed0c44.jpg,1954-01-01,,m,
552,Ariane Reverdin,Ariane,Reverdin,L,https://ge.ch/grandconseil/gc/depute/552/,https://ge.ch/grandconseil/data/deputes/depute_photo_364be76bbc7082a0f351b95b612b368c.jpg,1954-01-01,Architecte,f,
557,René Stalder,René,Stalder,L,https://ge.ch/grandconseil/gc/depute/557/,https://ge.ch/grandconseil/data/deputes/depute_photo_037ea73eee19f5f6629d2dae2d07358d.jpg,1964-01-01,Agriculteur,m,
554,Jean Rémy Roulet,Jean Rémy,Roulet,L,https://ge.ch/grandconseil/gc/depute/554/,https://ge.ch/grandconseil/data/deputes/depute_photo_36b28734b07faf77739a28e646ae0787.jpg,1960-01-01,Directeur,m,
543,Mark Muller,Mark,Muller,L,https://ge.ch/grandconseil/gc/depute/543/,https://ge.ch/grandconseil/data/deputes/depute_photo_80ffe0eb96ba42e11aa948ae88687a29.jpg,1964-01-01,,m,
549,Patrice Plojoux,Patrice,Plojoux,L,https://ge.ch/grandconseil/gc/depute/549/,https://ge.ch/grandconseil/data/deputes/depute_photo_e91b49a6e43fd04ece52c9bc359d4dc6.jpg,1950-01-01,Photographe,m,
534,Christian Luscher,Christian,Luscher,L,https://ge.ch/grandconseil/gc/depute/534/,https://ge.ch/grandconseil/data/deputes/depute_photo_e3f96df6d0bf2ef19bc5ff56bc10ea58.jpg,1963-01-01,Avocat,m,
540,Alain-Dominique Mauris,Alain-Dominique,Mauris,L,https://ge.ch/grandconseil/gc/depute/540/,https://ge.ch/grandconseil/data/deputes/depute_photo_7fe5d40ee080daa66470a260b2db5897.jpg,1959-01-01,Economiste,m,
539,Blaise Matthey,Blaise,Matthey,L,https://ge.ch/grandconseil/gc/depute/539/,https://ge.ch/grandconseil/data/deputes/depute_photo_c80b600a75fe1dd17c8949fbe381c4f0.jpg,1958-01-01,Secrétaire permanent,m,
526,Janine Hagmann,Janine,Hagmann,L,https://ge.ch/grandconseil/gc/depute/526/,https://ge.ch/grandconseil/data/deputes/depute_photo_a61e8eeb0a96d7eaa10e13fae0deffed.jpg,1936-01-01,,f,
531,René Koechlin,René,Koechlin,L,https://ge.ch/grandconseil/gc/depute/531/,https://ge.ch/grandconseil/data/deputes/depute_photo_17f36ecfab48f0e8cd7b58a13b0285b8.jpg,1933-01-01,Architecte,m,
527,Michel Halpérin,Michel,Halpérin,L,https://ge.ch/grandconseil/gc/depute/527/,https://ge.ch/grandconseil/data/deputes/depute_photo_5f01dfa02c2add2ec3fed86642362c32.jpg,1948-01-01,Avocat,m,
518,Sophie Fischer,Sophie,Fischer,L,https://ge.ch/grandconseil/gc/depute/518/,https://ge.ch/grandconseil/data/deputes/depute_photo_5e6da9490059886f3a0d43b50d9799b2.jpg,1973-01-01,Economiste,f,
502,Victoria Curzon Price,Victoria,Curzon Price,L,https://ge.ch/grandconseil/gc/depute/502/,https://ge.ch/grandconseil/data/deputes/depute_photo_66f0da836eeb09e17b299c15cc0b3a04.jpg,1942-01-01,Economiste,f,
508,Pierre Ducrest,Pierre,Ducrest,L,https://ge.ch/grandconseil/gc/depute/508/,https://ge.ch/grandconseil/data/deputes/depute_photo_cd6fbe39108c463a60c323cedf0514d1.jpg,1946-01-01,Ingénieur - Garagiste,m,
506,Jean-Claude Dessuet,Jean-Claude,Dessuet,L,https://ge.ch/grandconseil/gc/depute/506/,https://ge.ch/grandconseil/data/deputes/depute_photo_86ef8c1424d73b6516c2bfe1d131b749.jpg,1942-01-01,Agriculteur,m,
505,Gilles Desplanches,Gilles,Desplanches,L,https://ge.ch/grandconseil/gc/depute/505/,https://ge.ch/grandconseil/data/deputes/depute_photo_c4b719fa6cf7da6e47618279edb5783a.jpg,1964-01-01,Commerçant - Entrepreneur,m,
462,Pierre Schifferli,Pierre,Schifferli,UDC,https://ge.ch/grandconseil/gc/depute/462/,,1947-01-01,Avocat,m,
463,Olivier Wasmer,Olivier,Wasmer,UDC,https://ge.ch/grandconseil/gc/depute/463/,https://ge.ch/grandconseil/data/deputes/depute_photo_dfa64cf0585aedbd3edf0e9857072a0a.jpg,1952-01-01,Avocat,m,
461,André Reymond,André,Reymond,UDC,https://ge.ch/grandconseil/gc/depute/461/,https://ge.ch/grandconseil/data/deputes/depute_photo_ee1bf3b9950a34e207df9531deb4188d.jpg,1940-01-01,Agent général d’assurance,m,
459,Robert Iselin,Robert,Iselin,UDC,https://ge.ch/grandconseil/gc/depute/459/,https://ge.ch/grandconseil/data/deputes/depute_photo_efb9bb69d580fb99223c85cd86430985.jpg,1926-01-01,Administrateur,m,
458,Eric Ischi,Eric,Ischi,UDC,https://ge.ch/grandconseil/gc/depute/458/,https://ge.ch/grandconseil/data/deputes/depute_photo_3442219251401c482d35cd2cec773d04.jpg,1937-01-01,Retraité,m,
457,Philippe Guénat,Philippe,Guénat,UDC,https://ge.ch/grandconseil/gc/depute/457/,https://ge.ch/grandconseil/data/deputes/depute_photo_68c20546ac6ee2f60b19f30827ce1b4b.jpg,1959-01-01,Artisan hôtelier,m,
456,Yvan Galeotto,Yvan,Galeotto,UDC,https://ge.ch/grandconseil/gc/depute/456/,https://ge.ch/grandconseil/data/deputes/depute_photo_7b3cf0bba1d49cbd12653770779b226a.jpg,1949-01-01,Architecte,m,
454,Jacques Baud,Jacques,Baud,UDC,https://ge.ch/grandconseil/gc/depute/454/,https://ge.ch/grandconseil/data/deputes/depute_photo_c80edfe77c38772ac24255af3b2dad52.jpg,1930-01-01,Ecrivain,m,
445,Marie-Louise Thorel,Marie-Louise,Thorel,S,https://ge.ch/grandconseil/gc/depute/445/,https://ge.ch/grandconseil/data/deputes/depute_photo_c231309a0f5f29f8e80481471de461d3.jpg,1945-01-01,,m,
453,Caroline Bartl Winterhalter,Caroline,Bartl Winterhalter,UDC,https://ge.ch/grandconseil/gc/depute/453/,https://ge.ch/grandconseil/data/deputes/depute_photo_434a570b469130c9c748be309042bca6.jpg,1972-01-01,Professeur de langues,f,
433,Maria Roth-Bernasconi,Maria,Roth-Bernasconi,S,https://ge.ch/grandconseil/gc/depute/433/,https://ge.ch/grandconseil/data/deputes/depute_photo_80a9dc2a9397ef00befb5f17e694b49e.jpg,1955-01-01,,f,
432,Albert Rodrik,Albert,Rodrik,S,https://ge.ch/grandconseil/gc/depute/432/,https://ge.ch/grandconseil/data/deputes/depute_photo_1abfe53782abe163b7a8c9a7dad4a79b.jpg,1938-01-01,,m,
441,Carlos Sommaruga,Carlos,Sommaruga,S,https://ge.ch/grandconseil/gc/depute/441/,https://ge.ch/grandconseil/data/deputes/depute_photo_598eed54d1df96edac2f95852fcc7124.jpg,1959-01-01,Avocat,m,
426,Jacqueline Pla,Jacqueline,Pla,S,https://ge.ch/grandconseil/gc/depute/426/,https://ge.ch/grandconseil/data/deputes/depute_photo_94bd378bbbb7883be17a5dec540a50a1.jpg,1947-01-01,,f,
413,Dominique Hausser,Dominique,Hausser,S,https://ge.ch/grandconseil/gc/depute/413/,https://ge.ch/grandconseil/data/deputes/depute_photo_89295d6fd74f03c674ee8f054efe08c2.jpg,1955-01-01,"Médecin, chercheur en santé publique",m,
409,Alexandra Gobet Winiger,Alexandra,Gobet Winiger,S,https://ge.ch/grandconseil/gc/depute/409/,https://ge.ch/grandconseil/data/deputes/depute_photo_1bc6ad213657ba8bdf41529d0791dc54.jpg,1960-01-01,,f,
411,Pierre Guérini,Pierre,Guérini,S,https://ge.ch/grandconseil/gc/depute/411/,https://ge.ch/grandconseil/data/deputes/depute_photo_16eee851af5072dd5b5bb2b4c1799536.jpg,1946-01-01,Informaticien,m,
415,Sami Kanaan,Sami,Kanaan,S,https://ge.ch/grandconseil/gc/depute/415/,https://ge.ch/grandconseil/data/deputes/depute_photo_d87f2e4b1f1270028df914a90c0f5ea3.jpg,1964-01-01,Conseiller administratif de la Ville de Genève,m,
376,Régis de Battista,Régis,de Battista,S,https://ge.ch/grandconseil/gc/depute/376/,https://ge.ch/grandconseil/data/deputes/depute_photo_08ca98d01384fe67ca008d63b8b3a4a1.jpg,1953-01-01,,m,
358,Christian Brunier,Christian,Brunier,S,https://ge.ch/grandconseil/gc/depute/358/,https://ge.ch/grandconseil/data/deputes/depute_photo_787553b4fbaab5acf0b58bd609b81109.jpg,1963-01-01,,m,
430,Jacques-Eric Richard,Jacques-Eric,Richard,S,https://ge.ch/grandconseil/gc/depute/430/,https://ge.ch/grandconseil/data/deputes/depute_photo_aeae7d7f29ae33a19547b7d38961cbe1.jpg,1953-01-01,Directeur,m,
365,Thierry Charollais,Thierry,Charollais,S,https://ge.ch/grandconseil/gc/depute/365/,https://ge.ch/grandconseil/data/deputes/depute_photo_44b44074d8bb978416684507db0b7934.jpg,1967-01-01,,m,
352,Charles Beer,Charles,Beer,S,https://ge.ch/grandconseil/gc/depute/352/,https://ge.ch/grandconseil/data/deputes/depute_photo_fe6b033b4c5a7acf565aeeaf04f30ce4.jpg,1961-01-01,Secrétaire syndical,m,
410,Mireille Gossauer-Zurcher,Mireille,Gossauer-Zurcher,S,https://ge.ch/grandconseil/gc/depute/410/,https://ge.ch/grandconseil/data/deputes/depute_photo_12f48a23a005b11032efe128bea0036f.jpg,1952-01-01,Educatrice,f,
342,Louis Serex,Louis,Serex,R,https://ge.ch/grandconseil/gc/depute/342/,https://ge.ch/grandconseil/data/deputes/depute_photo_2cb66809230e72cc65e877b91cf097b1.jpg,1948-01-01,,m,
324,Pierre Kunz,Pierre,Kunz,R,https://ge.ch/grandconseil/gc/depute/324/,https://ge.ch/grandconseil/data/deputes/depute_photo_d8102d3d9024d955de7d9ffbc5a3b861.jpg,1943-01-01,,m,
331,Jean-Marc Odier,Jean-Marc,Odier,R,https://ge.ch/grandconseil/gc/depute/331/,https://ge.ch/grandconseil/data/deputes/depute_photo_3da1926e66712096ee70c2b85ff43d4a.jpg,1960-01-01,Ambulancier,m,
317,Claudine Gachet,Claudine,Gachet,R,https://ge.ch/grandconseil/gc/depute/317/,https://ge.ch/grandconseil/data/deputes/depute_photo_af6b140dfad00a9b4eea8c45dfcce7f2.jpg,1957-01-01,,f,
327,Bernard Lescaze,Bernard,Lescaze,R,https://ge.ch/grandconseil/gc/depute/327/,https://ge.ch/grandconseil/data/deputes/depute_photo_90525a781e854c3bc5f3eda21bb514e9.jpg,1947-01-01,,m,
321,Hugues Hiltpold,Hugues,Hiltpold,R,https://ge.ch/grandconseil/gc/depute/321/,https://ge.ch/grandconseil/data/deputes/depute_photo_8e2973c87f2c1c4f707466524be5a925.jpg,1969-01-01,Architecte EAUG / SIA,m,
314,Jacques Follonier,Jacques,Follonier,R,https://ge.ch/grandconseil/gc/depute/314/,https://ge.ch/grandconseil/data/deputes/depute_photo_cfdbb3b13b4de8e32bc7f67200bead8a.jpg,1955-01-01,,m,
319,Ernest Greiner,Ernest,Greiner,R,https://ge.ch/grandconseil/gc/depute/319/,,1949-01-01,Retraité postal,m,
357,Martin-Paul Broennimann,Martin-Paul,Broennimann,S,https://ge.ch/grandconseil/gc/depute/357/,https://ge.ch/grandconseil/data/deputes/depute_photo_fcb2eafbf130811b278abf698e7f30f5.jpg,1942-01-01,Architecte-Urbaniste,m,
304,Marie-Françoise de Tassigny,Marie-Françoise,de Tassigny,R,https://ge.ch/grandconseil/gc/depute/304/,https://ge.ch/grandconseil/data/deputes/depute_photo_1c48fecebd2bda5de0da0755a552db57.jpg,1947-01-01,,f,
310,Michèle Ducret,Michèle,Ducret,R,https://ge.ch/grandconseil/gc/depute/310/,,1951-01-01,,f,
349,Alexandre Anõr,Alexandre,Anõr,S,https://ge.ch/grandconseil/gc/depute/349/,https://ge.ch/grandconseil/data/deputes/depute_photo_93e7f261aac2bb4d87b4b082313bb72a.jpg,1948-01-01,Enseignant,m,
296,Maurice Clairet,Maurice,Clairet,MCG,https://ge.ch/grandconseil/gc/depute/296/,https://ge.ch/grandconseil/data/deputes/depute_photo_11db583b9a803e30fda1ed478a259cd2.jpg,1946-01-01,Boulanger,m,
293,Damien Sidler,Damien,Sidler,Ve,https://ge.ch/grandconseil/gc/depute/293/,https://ge.ch/grandconseil/data/deputes/depute_photo_19ee0d2fd3606918a74b284614f45f68.jpg,1960-01-01,,m,
278,Andreas Meister,Andreas,Meister,Ve,https://ge.ch/grandconseil/gc/depute/278/,https://ge.ch/grandconseil/data/deputes/depute_photo_852ac882110abb4b0f90a4fb15490512.jpg,1977-01-01,,m,
274,Ueli Leuenberger,Ueli,Leuenberger,Ve,https://ge.ch/grandconseil/gc/depute/274/,https://ge.ch/grandconseil/data/deputes/depute_photo_c44acf0cc2e41e8b7047f7f12a8a9cef.jpg,1952-01-01,,m,
311,John Dupraz,John,Dupraz,R,https://ge.ch/grandconseil/gc/depute/311/,https://ge.ch/grandconseil/data/deputes/depute_photo_0c0ab9b8825c7cec161bb887b32ea380.jpg,1945-01-01,,m,
264,Philippe Cottet,Philippe,Cottet,Ve,https://ge.ch/grandconseil/gc/depute/264/,https://ge.ch/grandconseil/data/deputes/depute_photo_0b6dbf1acb12800e0fa4f333fdd774d1.jpg,1975-01-01,,m,
270,David Hiler,David,Hiler,Ve,https://ge.ch/grandconseil/gc/depute/270/,https://ge.ch/grandconseil/data/deputes/depute_photo_5ed8ca2ad41ce5aa397af693c0dec394.jpg,1955-01-01,,m,
301,Thomas Büchi,Thomas,Büchi,R,https://ge.ch/grandconseil/gc/depute/301/,https://ge.ch/grandconseil/data/deputes/depute_photo_5052fb2aa63419db8a061307709753c5.jpg,1958-01-01,Maître charpentier,m,
267,Anita Frei,Anita,Frei,Ve,https://ge.ch/grandconseil/gc/depute/267/,https://ge.ch/grandconseil/data/deputes/depute_photo_3e3d8f04b63cf0db53af98877c3113a0.jpg,1956-01-01,Historienne et Architecte,f,
295,Sébastien Brunny,Sébastien,Brunny,MCG,https://ge.ch/grandconseil/gc/depute/295/,https://ge.ch/grandconseil/data/deputes/depute_photo_35e0373047ec6254b11180cb49a007ba.jpg,1968-01-01,Gendarme,m,
285,Stéphanie Nussbaumer,Stéphanie,Nussbaumer,Ve,https://ge.ch/grandconseil/gc/depute/285/,https://ge.ch/grandconseil/data/deputes/depute_photo_32978558d806c3366028bbf0634242bd.jpg,1971-01-01,Assistante en Droit,f,
273,Sylvia Leuenberger,Sylvia,Leuenberger,Ve,https://ge.ch/grandconseil/gc/depute/273/,https://ge.ch/grandconseil/data/deputes/depute_photo_039c72933cace9d101e26d0c982bba23.jpg,1952-01-01,,f,
251,Blaise Bourrit,Blaise,Bourrit,L,https://ge.ch/grandconseil/gc/depute/251/,https://ge.ch/grandconseil/data/deputes/depute_photo_c9deb9fa43c70e34d4f6e5653a037579.jpg,1946-01-01,Médecin,m,
248,Ariane Blum Brunier,Ariane,Blum Brunier,Ve,https://ge.ch/grandconseil/gc/depute/248/,https://ge.ch/grandconseil/data/deputes/depute_photo_26b69138901760468d2df99ed93003f3.jpg,1960-01-01,,f,
246,Christophe Berdat,Christophe,Berdat,L,https://ge.ch/grandconseil/gc/depute/246/,https://ge.ch/grandconseil/data/deputes/depute_photo_f00ff3d62fef18f37ebb24551a915dcf.jpg,1974-01-01,,m,
245,Janine Berberat,Janine,Berberat,L,https://ge.ch/grandconseil/gc/depute/245/,https://ge.ch/grandconseil/data/deputes/depute_photo_7feef053701d765fdc0fe3fbe4211d6d.jpg,1943-01-01,,f,
243,Florian Barro,Florian,Barro,L,https://ge.ch/grandconseil/gc/depute/243/,https://ge.ch/grandconseil/data/deputes/depute_photo_ca526638f71b248c0e0f280e7b67325a.jpg,1962-01-01,Architecte,m,
240,Esther Alder,Esther,Alder,Ve,https://ge.ch/grandconseil/gc/depute/240/,https://ge.ch/grandconseil/data/deputes/depute_photo_bd6f80c2cfd4dabc01f53aafa0f5d288.jpg,1958-01-01,,f,
241,Bernard Annen,Bernard,Annen,L,https://ge.ch/grandconseil/gc/depute/241/,https://ge.ch/grandconseil/data/deputes/depute_photo_bcd3ef90031081b459f46a358db391e2.jpg,1945-01-01,Economiste,m,
2228,Pierre-François Unger,Pierre-François,Unger,PDC,https://ge.ch/grandconseil/gc/depute/2228/,https://ge.ch/grandconseil/data/deputes/depute_photo_3f594531c27ab0a9bb399e0e9435ee4a.jpg,1951-01-01,,m,
2080,Pablo Garcia,Pablo,Garcia,S,https://ge.ch/grandconseil/gc/depute/2080/,https://ge.ch/grandconseil/data/deputes/depute_photo_51f258d4099dc3df0ea45973404673f3.jpg,1979-01-01,,m,
190,Jean Spielmann,Jean,Spielmann,AdG,https://ge.ch/grandconseil/gc/depute/190/,https://ge.ch/grandconseil/data/deputes/depute_photo_e7b419c73d57df5276f2e562d83be8bd.jpg,1944-01-01,Retraité,m,
2082,Geneviève Guinand Maitre,Geneviève,Guinand Maitre,S,https://ge.ch/grandconseil/gc/depute/2082/,,1949-01-01,,f,
183,Souhail Mouhanna,Souhail,Mouhanna,AdG,https://ge.ch/grandconseil/gc/depute/183/,https://ge.ch/grandconseil/data/deputes/depute_photo_06594b9b393bedb7280f6d05670a9e03.jpg,1940-01-01,,m,
201,Claude Marcet,Claude,Marcet,UDC,https://ge.ch/grandconseil/gc/depute/201/,https://ge.ch/grandconseil/data/deputes/depute_photo_7b3a6496a15f04374ddfbc022ce6b245.jpg,1948-01-01,,m,
166,Jacques François,Jacques,François,AdG,https://ge.ch/grandconseil/gc/depute/166/,https://ge.ch/grandconseil/data/deputes/depute_photo_e34ba7d43108e3a0964bccb08fb22863.jpg,1940-01-01,Enseignant,m,
199,Sandra Borgeaud,Sandra,Borgeaud,HP,https://ge.ch/grandconseil/gc/depute/199/,https://ge.ch/grandconseil/data/deputes/depute_photo_22922a934c24c045cf2cb1da6186dfd7.jpg,1971-01-01,,f,
160,Jeannine de Haller,Jeannine,de Haller,AdG,https://ge.ch/grandconseil/gc/depute/160/,https://ge.ch/grandconseil/data/deputes/depute_photo_2bcd02ee35895af00e03408818a9f652.jpg,1955-01-01,Psychologue,f,
173,André Hediger,André,Hediger,AdG,https://ge.ch/grandconseil/gc/depute/173/,https://ge.ch/grandconseil/data/deputes/depute_photo_cfe28a53b5ed6e17715e9615d809df0c.jpg,1941-01-01,,m,
142,Pierre-Louis Portier,Pierre-Louis,Portier,PDC,https://ge.ch/grandconseil/gc/depute/142/,https://ge.ch/grandconseil/data/deputes/depute_photo_e49aeae72f0f094b762957461e19902b.jpg,1955-01-01,Agent d’assurance,m,
161,Erica Deuber Ziegler,Erica,Deuber Ziegler,AdG,https://ge.ch/grandconseil/gc/depute/161/,https://ge.ch/grandconseil/data/deputes/depute_photo_c6b2f93102a42a4152d60a10f7f706a2.jpg,1942-01-01,,f,
165,Christian Ferrazino,Christian,Ferrazino,AdG,https://ge.ch/grandconseil/gc/depute/165/,https://ge.ch/grandconseil/data/deputes/depute_photo_db3239275fbf7548039d46a7d821d200.jpg,1954-01-01,Conseiller administratif - Ville de Genève,m,
200,Georges Letellier,Georges,Letellier,MCG,https://ge.ch/grandconseil/gc/depute/200/,https://ge.ch/grandconseil/data/deputes/depute_photo_c4dcc20b3c2599f4bc8d85ed8d6e4626.jpg,1937-01-01,,m,
130,Nelly Guichard,Nelly,Guichard,PDC,https://ge.ch/grandconseil/gc/depute/130/,https://ge.ch/grandconseil/data/deputes/depute_photo_16d8785d003de87d9271d0f649cd1f0c.jpg,1944-01-01,Secrétaire,f,
154,Marie-Paule Blanchard-Queloz,Marie-Paule,Blanchard-Queloz,AdG,https://ge.ch/grandconseil/gc/depute/154/,https://ge.ch/grandconseil/data/deputes/depute_photo_3a69d7c896fc09598eae3f036a9d38b1.jpg,1955-01-01,Employée,f,
120,Jean-Claude Ducrot,Jean-Claude,Ducrot,PDC,https://ge.ch/grandconseil/gc/depute/120/,https://ge.ch/grandconseil/data/deputes/depute_photo_80933cf79ee39c10cec9b1327b9bc69f.jpg,1945-01-01,,m,
144,Stéphanie Ruegsegger,Stéphanie,Ruegsegger,PDC,https://ge.ch/grandconseil/gc/depute/144/,https://ge.ch/grandconseil/data/deputes/depute_photo_a8dd649170172f146bd53d0bd81c41cd.jpg,1968-01-01,,f,
189,François Sottas,François,Sottas,AdG,https://ge.ch/grandconseil/gc/depute/189/,https://ge.ch/grandconseil/data/deputes/depute_photo_d5d5cdc444ca9670ddf8cb0cd5c5982c.jpg,1959-01-01,Conducteur TPG,m,
147,Véronique Schmied,Véronique,Schmied,PDC,https://ge.ch/grandconseil/gc/depute/147/,https://ge.ch/grandconseil/data/deputes/depute_photo_ad248554ee755343a450e2800e1a5fb1.jpg,1952-01-01,,f,
177,Nicole Lavanchy,Nicole,Lavanchy,AdG,https://ge.ch/grandconseil/gc/depute/177/,https://ge.ch/grandconseil/data/deputes/depute_photo_e9dd13e18bc710d13262456180c50be4.jpg,1962-01-01,Responsable de formation IES,f,
122,Jean-Claude Egger,Jean-Claude,Egger,PDC,https://ge.ch/grandconseil/gc/depute/122/,https://ge.ch/grandconseil/data/deputes/depute_photo_5887d986924ebb0f994606f64fba8e5e.jpg,1953-01-01,,m,
115,Mario Cavaleri,Mario,Cavaleri,PDC,https://ge.ch/grandconseil/gc/depute/115/,https://ge.ch/grandconseil/data/deputes/depute_photo_212e2489fdd258d5e536fd077b94011e.jpg,1949-01-01,,m,
163,René Ecuyer,René,Ecuyer,AdG,https://ge.ch/grandconseil/gc/depute/163/,https://ge.ch/grandconseil/data/deputes/depute_photo_441a42460a6f9835649a19b0d6b98878.jpg,1943-01-01,,m,
108,Jacques Baudit,Jacques,Baudit,PDC,https://ge.ch/grandconseil/gc/depute/108/,https://ge.ch/grandconseil/data/deputes/depute_photo_580057b3bff79aa7a2b3997459c90357.jpg,1955-01-01,,m,
159,Anita Cuénod,Anita,Cuénod,AdG,https://ge.ch/grandconseil/gc/depute/159/,https://ge.ch/grandconseil/data/deputes/depute_photo_7769aa414325db82466165941d83535d.jpg,1949-01-01,,f,
110,Claude Blanc,Claude,Blanc,PDC,https://ge.ch/grandconseil/gc/depute/110/,https://ge.ch/grandconseil/data/deputes/depute_photo_ff595d238d9e8cafa014d0ce54911866.jpg,1935-01-01,Retrait&eacute;,m,
146,Patrick Schmied,Patrick,Schmied,PDC,https://ge.ch/grandconseil/gc/depute/146/,https://ge.ch/grandconseil/data/deputes/depute_photo_952252b36119287e1c7aaa0a784a39c3.jpg,1955-01-01,Ingénieur diplômé,m,
127,Philippe Glatz,Philippe,Glatz,PDC,https://ge.ch/grandconseil/gc/depute/127/,https://ge.ch/grandconseil/data/deputes/depute_photo_701a17dde67849f53d405fc3714ece92.jpg,1953-01-01,Expert en gestion hospitalière,m,
117,Hubert Dethurens,Hubert,Dethurens,PDC,https://ge.ch/grandconseil/gc/depute/117/,https://ge.ch/grandconseil/data/deputes/depute_photo_cea2b56bcafc68b053214e83c0f748f3.jpg,1955-01-01,,m,
